Ward,Latitude,Longitude,Irradiance_kWh/m2/day,Ambient_Temperature_C
WABERA,0.3588667172516978,37.59258512424839,6.37,23.0
North Kamagambo Ward,-0.687860834189673,34.61015371471155,5.97,22.2
Central Kamagambo Ward,-0.7592774741658361,34.60460437545984,5.92,21.7
South Kamagambo Ward,-0.8798223867194407,34.607353289304456,5.81,21.8
North Sakwa Ward,-0.7920955612465579,34.54381190939999,5.94,22.6
South Sakwa Ward,-0.9391559046308628,34.57205819060738,5.81,21.9
West Sakwa Ward,-0.8404071796559828,34.506014374808586,5.9,22.6
Central Sakwa Ward,-0.8643972290628054,34.53464847012467,5.86,22.0
God Jope  Ward,-1.0639061972504038,34.52802138648346,5.87,21.3
Suna Central Ward,-1.0828949340853269,34.497910663722514,5.89,21.9
Kakrao Ward,-1.0278898601710686,34.424900542982975,5.86,22.9
Kwa Ward,-1.1015809389426976,34.59692622469115,5.89,22.0
Wiga Ward,-1.0539679288593309,34.33325815792345,5.9,22.8
Waseweta Ii Ward,-1.0981608008736514,34.40925471408268,5.89,22.6
Ragana-oruba Ward,-1.094954984956403,34.46581422482515,5.9,22.4
Wasimbete Ward,-1.12986795895767,34.32974104868404,5.85,22.5
West Kanyamkago Ward,-0.9570671992379686,34.399961179814895,5.87,22.3
North  Kanyamkago Ward,-0.8769527534523385,34.414093955681786,5.91,22.9
Central Kanyamkago Ward,-0.93502054479994,34.45799240488725,5.84,22.4
South Kanyamkago Ward,-0.9861327522451406,34.51508043946352,5.83,22.3
East Kanyamkago Ward,-1.0312654047608494,34.57019824261302,5.84,21.8
Kachieng' Ward,-0.8056861752203094,34.14798571548479,6.05,23.3
Masaba Ward,-1.1382508590768747,34.547123700301384,5.94,22.3
Ntimaru West Ward,-1.3455911326776984,34.68467630441277,5.83,19.4
Mathatani Ward,-1.36151654303908,37.07856581442073,5.52,19.8
Syokimau-mulolongo Ward,-1.365907601713113,36.94326203245935,5.45,19.5
Kalama Ward,-1.6445268289492083,37.19670874246108,5.53,18.7
Mua Ward,-1.5158964768130108,37.20001049007539,5.52,18.4
Mutituni Ward,-1.4234364465330884,37.24569097740322,5.57,16.6
Township Ward,-1.511380196422783,37.279919890254725,5.54,18.1
Mumbuni North Ward,-1.4836311239968247,37.25538421515627,5.5,18.6
Muvuti-kiima-kimwe Ward,-1.5412515469004229,37.29266417288969,5.51,19.3
Kola Ward,-1.685963339093654,37.28059812238244,5.55,17.4
Mbiuni Ward,-1.238811934451979,37.41688594322802,5.51,21.3
Makutano-mwala Ward,-1.3484959271147845,37.47229466407518,5.46,21.1
Masii Ward,-1.458623897151277,37.42918637007731,5.5,20.3
Muthetheni Ward,-1.5008226664031388,37.53177184768745,5.57,20.6
Wamunyu Ward,-1.4144477894862113,37.58162780332427,5.52,21.1
Kibauni Ward,-1.5454486883164271,37.67112763884554,5.49,21.0
West Kasipul Ward,-0.5460132273683745,34.67103072668768,6.06,22.6
South Kasipul Ward,-0.52502459545561,34.7215806935921,6.07,22.1
Central Kasipul Ward,-0.4543442736368003,34.7064596534114,6.17,22.4
East Kamagak Ward,-0.4757256224436331,34.77058533459399,6.1,21.9
West Kamagak Ward,-0.5029528516360326,34.74213811651566,6.08,22.3
Kabondo East Ward,-0.4270685219419871,34.94234516814299,6.05,21.4
Kabondo West Ward,-0.4290818599226096,34.861335877846535,6.12,22.1
Kokwanyo/kakelo Ward,-0.451229151195781,34.800857372502534,6.13,22.4
Kojwach Ward,-0.4899489402432525,34.84465995718245,6.02,21.6
West Karachuonyo Ward,-0.4008794713903937,34.490222205732124,6.29,22.4
North Karachuonyo Ward,-0.363958282855288,34.542860970598035,6.32,23.6
Central Ward,-0.3825438250807803,34.61005006121896,6.28,24.1
Kanyaluo Ward,-0.4464422531293569,34.62549020121572,6.19,23.4
Kagan Ward,-0.5157498229552139,34.60292426359025,6.15,23.3
Kochia Ward,-0.516151295978897,34.53887181902623,6.21,23.5
Homa Bay Central Ward,-0.595675263817424,34.48676236063801,6.05,23.0
Homa Bay Arujo Ward,-0.588654128826998,34.46298103132196,6.05,23.1
Homa Bay East Ward,-0.5909207587031712,34.518153956527705,6.08,22.7
Kwabwai Ward,-0.7717268374402927,34.27275055883147,5.79,21.7
Kanyadoto Ward,-0.7903418695745309,34.342129944047954,5.86,22.9
Kanyikela Ward,-0.7929794897355773,34.37728544372047,5.89,23.0
Kabouch North Ward,-0.7144493736987736,34.481547794932155,5.97,22.6
Kabuoch South/pala Ward,-0.7999551000339278,34.449648963340465,5.94,22.7
Kanyamwa Kosewe Ward,-0.7005562503095712,34.353886572153904,5.85,22.1
Mfangano Island Ward,-0.4641986369743738,34.015475557881814,6.17,22.1
Rusinga Island Ward,-0.404221224924475,34.174646073694525,6.25,22.9
Kasgunga Ward,-0.4709180186887339,34.22873140759316,6.24,22.7
Chavakali Ward,0.1105908742992293,34.71463241353809,5.99,20.9
Busali Ward,0.1391297879895203,34.79774919257519,5.95,20.9
Shiru Ward,0.1647296476347767,34.88001221884817,5.88,20.8
Gisambai Ward,0.0546305021046562,34.76856197466933,5.91,19.5
Muhudu Ward,0.156576878798456,34.83554782443114,5.93,21.1
Tambua Ward,0.0192132437759697,34.77897038712877,5.91,21.6
Jepkoyai Ward,0.0202556549210178,34.73774144746241,5.94,21.1
Luanda South Ward,-0.0133411072382636,34.56943588331548,6.06,21.0
North East Bunyore Ward,0.0980086896370845,34.652656453965164,6.02,21.3
Banja Ward,0.0575500797395199,34.822003762502305,5.87,20.6
South Maragoli Ward,0.0018948546839551,34.69115674408352,5.97,20.6
Shamakhokho Ward,0.0975995453331918,34.83365844703774,5.87,19.9
Cheptais Ward,0.8326666019530777,34.44767788357967,5.36,22.1
Kakateny Ward,0.8110624284935732,34.59308192961259,5.48,19.7
Kaptama Ward,0.9626751796169534,34.6085744467736,4.72,11.6
Malakisi/south Kulisiru Ward,0.7237574750853359,34.4857141239632,5.83,22.1
Lwandanyi Ward,0.756359049872788,34.42861778985547,5.73,22.4
West Nalondo Ward,0.62951092583791,34.57731798001355,6.05,21.4
Mukuyuni Ward,0.7589265213731338,34.62064664738154,5.86,20.8
Kabula  Ward,0.4805074973333932,34.52442073952979,6.12,21.7
Kimaeti Ward,0.603413542388313,34.40527112036353,6.06,22.4
Siboti Ward,0.6489791090705691,34.466197461139735,5.98,22.2
Bukembe West Ward,0.5777946177403704,34.60714781493965,6.11,21.7
Bukembe East Ward,0.5796123556988717,34.661045261697744,6.1,21.9
Bokoli Ward,0.6758533937525176,34.6761544725754,6.05,21.4
Kibingei Ward,0.7759385049141216,34.67991008049235,5.91,20.4
Kimilili Ward,0.7511326502315138,34.72937210991035,6.02,20.4
Maeni Ward,0.8031009788484959,34.74813202377518,5.91,20.3
Kamukuywa Ward,0.8013528696947088,34.788402610487054,5.96,20.0
Mbakalo Ward,0.708229161390558,34.85832129624609,6.07,20.6
Naitiri/kabuyefwe Ward,0.7646759573660257,34.903640201684375,6.04,19.7
Milima Ward,0.7744221887859603,34.84557534908877,6.03,20.3
Ndalu/ Tabani Ward,0.8492717237578312,34.97785419331591,5.95,18.6
Tongaren Ward,0.7925480341923834,34.96066880673886,6.0,19.5
Soysambu/ Mitua Ward,0.7809173021560439,35.02752437618344,6.02,18.9
Mautuma Ward,0.7191406136866749,35.00476621701181,6.06,19.8
Lugari Ward,0.6758670759997998,34.92605807401865,6.07,20.4
Lumakanda Ward,0.6443157864278864,34.99060649022243,6.06,19.3
Chekalini Ward,0.6233922349228571,34.90468151590029,6.09,20.5
Chevaywa Ward,0.527541209008541,34.76001919578494,6.1,22.1
Lwandeti Ward,0.6063589760869997,34.845794703372555,6.09,21.3
Likuyani Ward,0.6795647979248819,35.10556526864116,6.05,19.0
Sango Ward,0.7338628437058106,35.07687495434501,6.05,19.4
Kongoni Ward,0.7742797751198787,35.12645551812733,6.04,19.4
Nzoia Ward,0.8235300583739228,35.073909774898944,5.96,19.1
Sinoko Ward,0.8680953138377462,35.06622354758454,5.91,18.6
West Kabras Ward,0.4149700098020033,34.755590851398125,6.08,21.6
Chemuche Ward,0.436744700209233,34.88399599069817,5.97,21.6
East Kabras Ward,0.3979787794810125,34.902809041953326,5.93,21.4
Butali Chegulo Ward,0.4954076956948974,34.81823814803452,6.08,22.0
Manda-shivanga Ward,0.5321573277964878,34.861105062957115,6.04,21.1
Shirungu-mugai Ward,0.4572809438126623,34.78961264232964,6.09,21.6
South Kabras Ward,0.3745555921443015,34.80853714107573,6.02,21.3
Butsotso East Ward,0.3229927306495305,34.74592180877698,6.06,21.5
Butsotso South  Ward,0.2328455413412302,34.62540487563527,6.09,21.6
Butsotso Central Ward,0.2758929331185972,34.67390865309409,6.08,21.9
Sheywe Ward,0.2983999939939777,34.75155292744998,6.05,21.2
Mahiakalo Ward,0.2944676641567808,34.7769887027328,6.04,21.3
Shirere Ward,0.2633041151249863,34.7434956316254,6.05,21.3
Ingoste-matiha Ward,0.3575692463688543,34.73176248791758,6.07,21.6
Shinoyi-shikomari-esumeiya Ward,0.3253809314921648,34.6716809372711,6.08,22.1
Bunyala West Ward,0.4031616725591218,34.62451203482861,6.12,22.5
Bunyala East Ward,0.4521322779176049,34.706057158706066,6.13,22.1
Bunyala Central Ward,0.4015643494471256,34.68427446106499,6.11,21.7
Mumias Central Ward,0.3265839705969107,34.45980471650934,6.12,22.1
Kipevu Ward,-4.037484251978808,39.630718588154295,5.57,26.3
BELGUT,-0.3616193531259918,35.22289618680639,5.73,19.3
Chewani Ward,-1.352079566903387,39.99658745275675,5.43,28.3
Kinakomba Ward,-1.7044829895823204,39.96701592392952,5.34,28.1
Kanyasa Ward,-0.8187433544471235,34.21770959003831,5.94,22.6
North Kadem Ward,-0.9075544810785552,34.250869546788785,6.02,23.5
Macalder/kanyarwanda Ward,-0.9804569429835772,34.265558940926816,5.98,23.6
Kaler Ward,-1.0746004520430763,34.234599621132425,5.96,22.8
Got Kachola Ward,-1.0070987988037263,34.18876891573271,6.1,23.5
Muhuru Ward,-1.025066426670932,34.11996405834064,6.1,23.8
Bukira East Ward,-1.1976403875111856,34.61292438559069,5.96,21.8
Bukira Central/ikerege Ward,-1.197461379687126,34.56194843845875,5.94,21.6
Isibania Ward,-1.2379317503139964,34.4783879846382,5.84,20.6
Airport Ward,-4.033415742948509,39.605581420977806,5.52,26.1
FAZA,-2.1036031665223285,41.07189101852296,6.01,26.7
KIUNGA,-1.800858463443165,41.37196582871058,5.85,26.6
BASUBA,-1.8323624317204787,41.03157871650667,5.56,27.2
SHELLA,-2.272048016989966,40.939880707768594,6.02,27.1
MKOMAMI,-2.288753095584916,40.85523015485564,5.94,27.3
HINDI,-2.034893837650555,40.73644986438626,5.47,27.3
Bangale Ward,-0.4310120081770396,38.93578650674843,5.78,27.0
Sala Ward,-0.5839611599577819,39.61288783715112,5.64,27.9
HONGWE,-2.3811689708487545,40.62442392192648,5.55,26.8
Lusheya Lubinu Ward,0.299510219017736,34.53564878629545,6.12,22.1
Malaha Isongo Makunga Ward,0.3167834260152128,34.60973236663272,6.1,22.3
East Wanga Ward,0.3476873916407212,34.57131442600467,6.11,22.1
Koyonzo Ward,0.3688735388832237,34.4160351428506,6.12,22.1
Kholera Ward,0.4248663563715708,34.501939300024844,6.12,21.9
Khalaba Ward,0.4268088376412721,34.55838989436969,6.12,22.3
Chala Ward,-3.2675036278814087,37.75565730552813,5.74,21.6
Mokerero Ward,-1.2303809195071245,34.507161775318046,5.86,21.0
Mata Ward,-3.516895943995938,37.97862355753509,5.35,22.8
Tagare Ward,-1.1689809616594014,34.47376299660114,5.9,21.9
Wundanyi/mbale Ward,-3.3908918137373067,38.378141987273565,5.28,19.4
Wumingu/kishushe Ward,-3.0230295623437886,38.18077847256254,5.26,22.4
Nyamosense/komosoko Ward,-1.1802710245240895,34.42568611770971,5.86,21.9
Gokeharaka/getambwega Ward,-1.2608975326743712,34.56346843627557,5.87,20.6
Ntimaru East Ward,-1.314682828433294,34.69720012202191,5.88,20.1
Nyabasi East Ward,-1.2639096378099566,34.66822061256636,5.93,20.9
Nyabasi West Ward,-1.2597182141245449,34.6284176797616,5.92,21.3
East Kamagambo Ward,-0.7348691870711177,34.57285103878081,5.97,22.3
Kivaa Ward,-0.9344553489932824,37.76527422287865,5.52,22.8
Masinga Central Ward,-0.9802474945418092,37.636067470004,5.53,22.1
Ekalakala Ward,-0.986730820189538,37.51301240286361,5.53,21.9
Muthesya Ward,-0.9298021387680808,37.40173672592984,5.57,21.7
Mananja Ward,-0.8672748176489643,37.30517017709996,5.62,20.8
Ndalani Ward,-1.0599464991581566,37.459881083986886,5.5,21.7
Matuu Ward,-1.139798011644615,37.56006634293983,5.51,21.4
Kithimani Ward,-1.1691862996581237,37.45743680879482,5.55,20.9
Ikombe Ward,-1.2773056788117323,37.62250238970306,5.52,20.9
Katangi Ward,-1.420733111995624,37.72770927953941,5.47,20.8
Kangundo North Ward,-1.2932165522283658,37.37892718534335,5.57,18.5
Kangundo Central Ward,-1.3139322982393649,37.34594438523492,5.65,17.7
Kangundo East Ward,-1.3615178695671952,37.38286924496346,5.56,19.6
Kangundo West Ward,-1.3607412508189336,37.32361069895201,5.67,19.7
Tala Ward,-1.26923630988869,37.31620458783882,5.63,19.3
Matungulu North Ward,-1.1442849626749034,37.28901310859804,5.45,19.8
Matungulu East Ward,-1.2125608375963606,37.3423767406569,5.54,19.0
Matungulu West Ward,-1.2673660877032231,37.21002934153946,5.63,19.6
Kyeleni Ward,-1.1498902984085475,37.210278361931096,5.58,19.1
Mitamboni Ward,-1.365868834246623,37.25749300459015,5.66,19.6
Kathiani Central Ward,-1.4141455756285766,37.30548249905078,5.44,17.3
Upper Kaewa-iveti Ward,-1.4752361218651526,37.31156583067766,5.43,16.9
Lower Kaewa-kaani Ward,-1.4816469660466989,37.34987573007382,5.22,19.3
Athi River Ward,-1.4627550398947868,36.94935633353178,5.48,20.3
Kinanie Ward,-1.4909729035342023,37.07206730498648,5.47,18.8
Kibiri Ward,-0.43291067685996,34.55635609363284,6.23,23.7
Wang'chieng Ward,-0.3685338096977856,34.74793340005068,6.27,23.6
Kendu Bay Town Ward,-0.3885517855939175,34.665421049990385,6.28,23.4
West Gem Ward,-0.6200646555595205,34.581817045988494,6.02,22.4
East Gem Ward,-0.5924148077352954,34.610920874639824,6.04,22.4
Homa Bay West Ward,-0.5903266272875813,34.446160010667604,6.04,23.0
Township Ward,-0.3874773705304194,39.74776216908441,5.58,27.8
Kanyamwa Kologi Ward,-0.6370549246052877,34.41109289824087,5.97,22.3
Gembe Ward,-0.5018348598628065,34.302168142853986,6.14,23.8
Lambwe Ward,-0.5487817010294932,34.361971254141416,6.05,22.3
Gwassi South Ward,-0.7052556740503778,34.1561970575713,5.86,22.5
Gwassi North Ward,-0.6532453516238622,34.1038567803741,5.9,19.6
Kaksingiri West Ward,-0.5600324437603192,34.1572435838181,5.86,22.3
Waberi Ward,-0.4961407377028715,39.81072042501423,5.64,27.9
Balambala Ward,0.1782014288152326,39.20068728790414,5.77,27.6
Danyere Ward,0.1320813193293729,38.84328320174517,5.84,27.4
Jarajara Ward,0.0771602056833214,38.97072852274932,5.89,27.8
Saka Ward,-0.0437521481604822,39.30331148204149,5.66,27.9
Sankuri Ward,-0.2033154359698437,39.61831372012695,5.65,27.9
Modogashe Ward,0.5626932372447336,39.08434753488071,6.0,27.8
Benane Ward,0.4366177481057992,38.78063539420149,6.06,27.1
Goreale Ward,0.2964530316174274,39.67632117923819,5.7,28.5
Changamwe Ward,-4.017140157433025,39.62320203005687,5.56,26.1
Ruma-kaksingiri East Ward,-0.6176220026366043,34.26003843172044,5.78,23.3
Lugaga-wamuluma Ward,0.0667271162098662,34.69944938873796,5.97,20.8
Central Maragoli Ward,0.0457024411812377,34.71819697115574,5.95,20.3
Lyaduywa/izava Ward,0.094624275878048,34.71973126467778,5.97,20.7
West Sabatia Ward,0.1281872970078086,34.726292329783384,6.0,20.8
Nanighi Ward,-0.7541761236704794,40.09992842304589,5.48,28.3
Hulugho Ward,-1.3386111362069515,41.15139168376922,5.43,27.4
Sangailu Ward,-1.4184358698081354,40.75270191117124,5.38,27.7
North Maragoli Ward,0.0926434235758641,34.76329770942831,5.94,20.4
Wodanga Ward,0.1032363637658328,34.793953040657094,5.92,20.3
Luanda Township Ward,0.0306462140315474,34.597833911855616,6.03,21.1
Wemilabi Ward,0.053438468752895,34.63997968698921,6.0,21.2
Mwibona Ward,0.0175997854989191,34.562865181420015,6.05,21.4
Malkagufu Ward,2.639332686144769,39.48770322664839,5.38,27.1
Batalu Ward,2.8923401817938545,39.74340700858515,5.3,25.9
Emabungo Ward,0.0201299752737849,34.626139832660314,6.01,20.6
Godoma Ward,3.3482829408052592,39.35967220202369,5.16,25.8
Central Bunyore Ward,0.0840587143941926,34.61127466380081,6.04,21.0
West Bunyore Ward,0.0734791680966317,34.579173223655346,6.04,21.1
Mikinduni Ward,-1.5451887538074676,39.97822447864613,5.37,28.2
Khorof/Harar Ward,1.9556164834848964,40.6863139689113,5.34,28.1
Elben Ward,2.66671293397399,40.28055024102683,5.35,25.8
Sarman Ward,2.626061018902553,39.99719033786804,5.35,26.1
Tarbaj Ward,2.05951281443815,40.09482259287239,5.44,27.7
Wargadud Ward,2.316979674308443,40.44275107188645,5.31,27.0
Bura Ward,-3.551128443132807,38.2170775538572,5.33,23.0
Hadado Athibohol Ward,1.612122116691568,39.47076251748764,5.71,28.4
Jomvu Kuu Ward,-3.987642244585018,39.596564647507925,5.46,26.4
Mungoma Ward,0.0226994886585649,34.66383101203719,5.98,20.3
Chesikaki Ward,0.8055400327709699,34.50218488799448,5.48,21.6
Chepyuk Ward,0.8630961614731404,34.565563240181696,5.17,16.8
Elgon Ward,0.8378439540911523,34.695450016156364,5.65,18.5
Kisa North Ward,0.1667092787044999,34.62827782987327,6.06,21.4
Nambale Township Ward,0.4658350862390289,34.25332731798231,6.1,22.3
Bukhayo North Walatsi Ward,0.5452364646424459,34.34695675940177,6.07,22.4
Bukhayo East Ward,0.4831861546234493,34.35509544306824,6.09,22.2
Bukhayo Central Ward,0.4275483368821237,34.302808876462514,6.11,22.4
Bukhayo West Ward,0.4163669767474926,34.149937610380405,6.04,22.3
MAROTHILE,3.7036425769763457,40.95900709858356,5.72,26.4
RHAMU,3.860484032415021,41.19391516977058,5.81,27.9
RHAMU DIMTU,3.946635322454976,40.99595024495908,5.73,27.0
KOTULO,2.533259686152811,40.796440893317,5.4,27.4
ELWAK SOUTH,2.829161108314403,40.85198133620138,5.52,27.3
SHAMBIR FATUMA,2.9837522641573404,40.53583235442563,5.36,26.6
ARABIA,3.634532443259797,41.54026697953148,5.89,27.9
BUTIYE,3.4224917409215383,38.98238235120991,5.18,26.1
SOLOLO,3.5536707722742205,38.68619331134981,5.16,26.0
HEILLU/MANYATTA,3.4989016633933256,39.11191262651983,5.15,24.6
GOLBO,3.182384151054849,39.13504508623453,5.2,26.4
NORTH HORR,3.49482142939395,36.8052200454205,6.32,29.3
ILLERET,4.1074231995458845,36.44643459953971,5.91,30.6
SAGANTE/JALDESA,2.349909738450843,38.06571790645967,5.73,22.5
Matayos South Ward,0.3646041099929759,34.19002797249936,6.08,22.4
Busibwabo Ward,0.4182636634507721,34.20507174835802,6.09,22.4
Burumba Ward,0.4517200116499831,34.113984343685566,6.01,22.1
LAISAMIS,1.5972507979979786,37.92624480160063,6.2,27.5
Maua Ward,0.2412459656065922,37.94854561365705,5.86,16.8
Kiegoi/antubochiu Ward,0.2250336812397949,37.92089349456474,5.67,16.1
Athiru gaiti Ward,0.2054617925865741,38.01248856544736,5.58,22.5
Akachiu Ward,0.1436455841501144,37.94326477109074,5.34,19.7
Kanuni Ward,0.1428083945305214,37.99458488440431,5.52,22.3
Akirang'ondu Ward,0.3327017303159139,37.8852589864458,6.29,18.4
Athiru ruujine Ward,0.1216398788726628,38.18402437477428,5.79,24.9
Kiengu/Igembe East ward,0.2498885956883166,38.02316735712824,5.76,22.6
Njia Ward,0.4111804288029557,37.79660028432045,6.16,22.9
Kangeta Ward,0.3290884730285665,37.8109658700527,6.22,21.3
Antuambui Ward,0.4612470432671088,37.8883382993649,6.22,23.2
Ntunene Ward,0.4395285431323506,37.83659150051405,6.13,23.1
Antubetwe kiongo Ward,0.336975692584798,38.075173447076,5.87,22.6
Naathu Ward,0.5125366309773967,37.95483498265816,6.39,23.8
Amwathi Ward,0.485263740960271,38.05624104081826,6.56,20.4
Athwana Ward,0.3188041785617946,37.653861670752605,6.37,22.6
Akithii Ward,0.1967897050264923,37.74255089324158,6.4,19.5
Kianjai Ward,0.2005521915392159,37.69076659786664,6.42,20.0
Nkomo Ward,0.1250837862834796,37.74224870307447,6.1,18.0
Mbeu Ward,0.0529992314421673,37.82155135461311,5.82,20.4
Thangatha Ward,0.0906398635326135,37.92075253374129,5.52,22.6
Mikinduri Ward,0.084408875632857,37.85780057782813,5.7,20.8
Kiguchwa Ward,0.1734929354562066,37.85883052767696,5.73,15.1
Muthara Ward,0.3481776343324569,37.701360314340285,6.32,22.7
Karama Ward,0.3335261053427485,37.76717961610953,6.28,20.8
Municipality Ward,0.0569491590234697,37.63976549455636,5.59,16.1
Ntima east Ward,0.0351436411135977,37.67184028480485,5.58,17.4
Ntima west Ward,0.0757518544833762,37.65247700752576,5.73,17.3
Nyaki west Ward,0.0832724466899059,37.67628594771088,5.8,18.4
Nyaki east Ward,0.0333234221800196,37.76943511067478,5.81,19.8
Timau Ward,0.0228137069917969,37.19157165314015,5.68,17.7
Kisima Ward,0.1477412441665356,37.39399258847891,5.82,14.9
Kiirua Naari Ward,0.1625079471587783,37.56428612739353,6.31,17.1
Ruiru Rwawera Ward,0.2078991331360267,37.604486141298544,6.43,19.1
Mwangathia Ward,-0.0297747351517285,37.76404982688891,5.76,19.3
Abothuguchi central Ward,-0.0244770089939348,37.68067825829627,5.49,17.0
Abothuguchi west Ward,-0.0168043969654897,37.46868190956418,5.43,10.6
Kiagu Ward,-0.0667128053075642,37.82000655500032,5.82,21.1
Kibirichia Ward,0.1282003148512729,37.52472852535593,6.02,15.6
Mitunguu Ward,-0.1168891423781288,37.78102301768117,5.75,20.1
Igoji east Ward,-0.1762336824570226,37.69931378903132,5.48,18.2
Igoji west Ward,-0.1783387268958076,37.62111030082364,5.13,15.9
Abogeta east Ward,-0.1260311645274945,37.70680216407079,5.5,18.4
Abogeta west Ward,-0.125052510073723,37.508110593325085,5.02,11.6
Nkuene Ward,-0.0507798308520989,37.33665540210719,4.9,5.7
Mitheru Ward,-0.2987391753618413,37.67902265349121,5.46,18.2
Muthambi Ward,-0.2824424944355121,37.70550831868937,5.53,18.6
Mwimbi Ward,-0.2219600843198209,37.75963423205256,5.69,19.4
Namwela Ward,0.7526755599460817,34.54327565593434,5.76,20.9
Charagita Ward,-0.1404698432949675,36.29130160044527,5.46,13.6
Kabuchai/chwele Ward,0.7053758616514989,34.576228679292264,5.95,21.1
Bwake/luuya Ward,0.6591187351118548,34.62940728727408,6.04,21.3
Mumoni Ward,-0.5969663356790245,38.00122159853961,5.46,19.1
Tseikuru Ward,-0.2584095662719809,38.344728089540766,5.75,25.9
Tharaka Ward,-0.366579467239217,38.04725996853355,5.76,24.5
Kyome/thaana Ward,-0.9821089208156438,37.93448265267368,5.55,21.7
Nguutani Ward,-1.0947321372723742,37.923479638482206,5.64,21.3
Migwani Ward,-1.0806642614909427,38.07897086444085,5.83,21.3
Kiomo/kyethani Ward,-0.8715060048877245,37.97158402445713,5.47,23.0
Central Ward,-0.9818630689145748,38.09248597272062,5.75,22.4
Kivou Ward,-0.9200741649312328,38.13101725398685,5.73,23.1
Nguni Ward,-0.834699972213382,38.55180670474776,5.58,25.0
Nuu Ward,-1.0421618690519767,38.52770580314026,5.55,25.5
Mui Ward,-1.0359470288412544,38.22718609981268,5.73,23.6
South Bukusu Ward,0.5331321983916358,34.48895650832658,6.1,21.8
Iria-ini Ward,-0.5513585762600575,36.89895161839436,5.18,15.2
Chinga Ward,-0.5872215615104427,36.89747904576593,5.17,15.1
Nakalale Ward,3.674102221045248,35.17238909675665,6.04,29.0
Kwavonza/yatta Ward,-1.3500090494537091,37.76883407242608,5.45,21.8
Kanyangi Ward,-1.772765378399039,37.929573139828506,5.49,22.2
Miambani Ward,-1.233902803134869,38.10782209708451,5.64,22.9
Township Ward,-1.3532142793672075,38.00483518410358,5.65,21.3
Kyangwithya west Ward,-1.4130999870454046,37.92757945579972,5.55,21.5
Riwo Ward,1.4321306255934587,35.04339763034371,6.32,23.4
Suam Ward,1.4538177545220332,34.90540239786831,6.19,23.1
Kodich Ward,1.6225759888601423,35.0472901437176,6.2,23.6
Kasei Ward,1.9718675291179628,35.25923323047375,6.12,18.3
Kapchok Ward,1.8176839114208745,35.08509898460659,6.33,23.5
Kiwawa Ward,2.1192469860492817,35.12730810572753,6.25,22.8
Miritini Ward,-4.017980746758274,39.58529802060694,5.48,26.2
Chaik Ward,-0.4060565738325972,35.31111223571962,5.45,18.1
Bumula Ward,0.5312436417831757,34.43606335535728,6.1,22.1
Khasoko Ward,0.4831747359239948,34.42191729713515,6.11,22.3
Maralal Ward,1.11262778979015,36.711759823197376,5.74,17.1
Bute Ward,3.2638350825010587,39.45284377887327,5.2,26.1
Nzambani Ward,-1.422291007362624,38.0502365243941,5.59,21.3
West Bukusu Ward,0.5966222908291332,34.478444885938885,6.07,22.4
Township Ward,0.5760659681554953,34.55410375226652,6.1,21.8
Khalaba Ward,0.5721486507014164,34.56089696458032,6.1,21.9
Musikoma Ward,0.5445700703167482,34.535634611641655,6.1,21.9
East Sang'alo Ward,0.4932654522807052,34.63056333684466,6.11,22.1
Marakaru/tuuti Ward,0.6423799446986341,34.52744340146982,6.02,21.7
West Sang'alo Ward,0.5117014829127778,34.586172311734195,6.11,21.8
Mihuu Ward,0.6434578918686596,34.79014690983358,6.08,21.0
Ndivisi Ward,0.7084135272054923,34.79638172011588,6.07,20.5
Maraka Ward,0.5773006295534356,34.757717545485434,6.08,21.8
Misikhu Ward,0.6937201776638052,34.72131824304607,6.05,21.4
Sitikho Ward,0.5327242245465335,34.69849090403956,6.09,22.0
Matulo Ward,0.6179094191954517,34.736572747796586,6.08,21.9
Hirimani Ward,-0.9893326557147896,39.35017077084801,5.47,27.9
Mnarani Ward,-3.695861182538701,39.82469631598195,5.7,26.3
Mumias North Ward,0.3577435317112642,34.52419078453927,6.12,22.2
Wayu Ward,-1.4886623891694868,39.37688415550162,5.44,27.6
Ikutha Ward,-2.0564598942764087,38.225941182303,5.53,23.9
Athi Ward,-2.4476057731204737,38.53960840165204,5.51,25.9
Tulimani Ward,-1.5781655831984691,37.40897451488085,5.42,20.1
Mbooni Ward,-1.64884229724522,37.44045357654221,5.46,16.4
Kithungo/Kitundu Ward,-1.688634240852892,37.47745845635741,5.48,16.4
Kiteta-Kisau Ward,-1.605199316388545,37.52348170853821,5.45,20.6
Waia/Kako Ward,-1.6621200620486256,37.62213247159402,5.44,20.6
Kalawa/ Kathulumbi Ward,-1.6891922413124765,37.75415408336278,5.46,21.7
Kasikeu Ward,-1.9523205274290625,37.35607945118755,5.61,20.5
Mukaa Ward,-1.847579408161132,37.32351791096087,5.57,18.4
Kiima Kiu/Kalanzoni Ward,-1.8349325781427277,37.224455570113705,5.53,18.3
Ukia ward,-1.7606493509623482,37.51474969581158,5.47,20.8
Kee ward,-1.7299238344369323,37.36024252578896,5.52,18.9
Kilungu ward,-1.7934884211891364,37.37670899815754,5.54,16.2
Ilima ward,-1.8310029380577757,37.42542133131472,5.36,18.3
Wote Ward,-1.79386463241469,37.5985247007287,5.38,20.8
Muvau/Kikumini Ward,-1.8592660795462463,37.65324917168019,5.41,20.8
Mavindini Ward,-1.8569112283558025,37.81033172354029,5.51,21.8
Kitise/Kithuki Ward,-2.0278400284486877,37.87615412815242,5.53,23.1
Kathonzweni Ward,-1.9847903548049064,37.74976890792632,5.51,22.1
Nzaui/Kilili/Kalamba Ward,-1.9155387302038396,37.53800138828752,5.32,19.8
Mbitini Ward,-1.9682515205870128,37.44979196016017,5.59,21.0
Makindu Ward,-2.2201967014388506,37.79288617580437,5.52,23.0
Nguumo Ward,-2.3350639128410178,37.88589342618743,5.6,22.8
Kikumbulyu North Ward,-2.2637258068468684,38.02239575992199,5.6,23.7
Kikumbulyu South Ward,-2.365818933766957,37.99506876143443,5.6,23.4
Nguu/Masumba Ward,-2.0690600095880582,37.63175982447764,5.46,22.0
Etenje Ward,0.2735698500375481,34.431459466259874,6.14,22.2
Musanda Ward,0.2224141848134264,34.43528342051827,6.13,21.9
Bomani Ward,-3.410315208803479,37.68678775550855,5.62,23.8
Mboghoni Ward,-3.463372479860399,37.67045326741391,5.67,24.4
Kasigau Ward,-3.872527276324868,38.66002334637457,5.32,24.1
Jarajila Ward,-0.3971534500562063,40.74974704481069,5.44,28.3
Fafi Ward,-0.4366804370021337,40.28449941384711,5.52,28.4
Korondile Ward,2.775223568877282,39.22517814970805,5.32,27.0
Elnur/tula tula Ward,2.212408108826022,39.484568789686186,5.49,27.8
TAKABA SOUTH,3.2378878256257098,40.322361140024434,5.28,26.1
TAKABA,3.5037404629286213,40.07764213585428,5.33,25.6
Benane Ward,0.598808403818916,40.39993169353925,5.51,29.1
Burder Ward,1.222765362969131,40.524622231253474,5.52,28.9
Junju Ward,-3.827134072745029,39.77762958089052,5.63,26.1
Mayoni Ward,0.3760898076349126,34.46060590723444,6.12,22.0
Namamali Ward,0.4391376706525842,34.405033111977374,6.12,22.2
Marama West Ward,0.2437097300298929,34.566431963977585,6.11,21.9
Marama Central Ward,0.2496946255132431,34.496951173195136,6.12,21.9
Marenyo-shianda Ward,0.1829384855467978,34.51727653674054,6.1,21.8
Marama North Ward,0.2048191050421478,34.580422666189,6.09,21.9
Marama South Ward,0.1769788670987889,34.45860206115451,6.12,21.6
Kisa East Ward,0.1367812914221257,34.632768480456186,6.04,21.6
Kisa West Ward,0.1316493896813717,34.4985403891952,6.08,21.3
Kisa Central Ward,0.1456056587812498,34.56248313812953,6.07,21.1
Isukha North Ward,0.3580250520400979,34.883778400152885,5.92,21.6
Murhanda Ward,0.2665342614413382,34.810407773594754,5.99,21.4
Isukha Central Ward,0.2240883426037797,34.823099461450795,5.97,21.1
Isukha South Ward,0.2061366206078722,34.781939166252045,6.01,20.9
Isukha East Ward,0.2789579239601439,34.89354972096292,5.87,21.4
Isukha West Ward,0.2304253794985962,34.73774649463894,6.04,21.3
Idakho South Ward,0.1508688183484448,34.703290827769976,6.02,21.0
Idakho East Ward,0.1672055191170795,34.76192103186165,6.0,21.4
Idakho North Ward,0.2272020584961687,34.67867470513471,6.06,21.8
Idakho Central Ward,0.1903692054597534,34.68884924281964,6.04,21.3
Malaba Central Ward,0.6288903453024987,34.28831240385129,6.01,22.8
Malaba North Ward,0.6567270870147439,34.31920789136382,5.97,22.8
Ang'urai South Ward,0.6764121115605928,34.36899123380971,5.94,22.3
Ang'urai North Ward,0.7311492768265317,34.34369833256817,5.81,22.6
Ang'urai East Ward,0.7358012180421666,34.398250815212265,5.78,22.3
Malaba South Ward,0.6078590192617597,34.313400785791785,6.03,22.8
Ang'orom Ward,0.4778494662114165,34.130123555343914,6.01,22.2
Chakol South Ward,0.5110357150000646,34.16355915786965,6.04,22.4
Chakol North Ward,0.5578373180055443,34.18495941394003,6.05,22.3
Amukura West Ward,0.5926702196307845,34.21892747515981,6.04,22.5
Amukura East Ward,0.5473716285059143,34.30022577460078,6.05,22.2
Githioro Ward,-0.4958514682280928,36.46583096637684,5.54,17.2
Mbitini Ward,-1.5517825180809997,38.08391795740785,5.56,22.1
Kanjuiri range Ward,-0.3006222316169857,36.26921065971074,5.63,14.5
Amukura Central Ward,0.5275433091590992,34.247515924405654,6.06,21.9
Zombe/mwitika Ward,-1.4496739460808337,38.28894294088701,5.49,24.3
MOYALE TOWNSHIP,3.521389761344073,39.05363686981952,5.24,22.4
URAN,3.076908712215006,38.58910947029791,5.59,27.0
OBBU,3.100270705076953,38.81889285502242,5.41,27.0
DUKANA,3.956695335545365,37.21745161236756,6.02,28.6
MAIKONA,3.2213510731625763,37.72488956050236,5.89,26.8
WARGADUD,3.087735138436501,40.8068523181794,5.41,26.9
Rurii Ward,-0.2153699182109738,36.3738408486656,5.57,15.9
Chewele Ward,-0.8735586836071889,39.70202796332014,5.52,28.1
KARARE,2.2499668527493117,37.88382386195715,6.51,22.8
MARSABIT CENTRAL,2.4431118340024893,37.91551207772723,6.41,26.9
LOIYANGALANI,2.8995658556128565,36.71778858130028,6.34,31.1
Madogo Ward,-0.3265047890660629,39.310583986964126,5.75,27.5
Mayenje Ward,0.4271139734842065,34.10508209269688,6.01,22.4
Marachi West Ward,0.3045158417411878,34.20884298362188,6.03,21.9
Karima Ward,-0.5421719892378765,36.97196606858764,5.38,15.9
Gikondi Ward,-0.5988665582228414,37.06281577256841,5.41,16.9
Rugi Ward,-0.5985517291786429,37.112285427625686,5.43,17.4
Mukurwe-ini west Ward,-0.5440469560663534,37.02154450541,5.42,16.0
Mukurwe-ini central Ward,-0.5682784998703256,37.10781598821187,5.41,17.1
Kiganjo/mathari Ward,-0.3967980212089945,36.96672497427132,5.47,16.8
Rware Ward,-0.422577234500718,36.94890425503096,5.45,16.4
Gatitu/muruguru Ward,-0.4416328203796663,37.00336057524132,5.46,16.9
RURING'U / Karia Ward,-0.4530846969990983,36.96067301177108,5.43,16.3
Kamakwa/mukaro Ward,-0.4395562051701949,36.91846494045551,5.41,15.8
Mutithi Ward,-0.698594154234625,37.28014787472286,5.62,19.8
Kangai Ward,-0.6176741382210664,37.29826266031292,5.54,19.6
Thiba Ward,-0.6782389508975452,37.3291069039315,5.74,20.3
Wamumu Ward,-0.7371386252135629,37.3760285895928,5.73,21.0
Nyangati Ward,-0.5922574990382494,37.34814520033892,5.5,19.8
Murinduko Ward,-0.6179234440372683,37.43546248230321,5.5,20.7
Gathigiriri Ward,-0.6600450420943355,37.39182012857644,5.69,20.8
Tebere Ward,-0.6944459335625845,37.40115182082202,5.7,21.0
Kabare Ward,-0.4856243402618964,37.31568687109368,5.0,17.8
Baragwi Ward,-0.5070145917950182,37.3468278901674,5.11,18.4
Njukiine Ward,-0.5125055666505581,37.40117521776855,5.21,18.6
Ngariama Ward,-0.4455716281661172,37.39855203428825,4.95,17.6
Karumandi Ward,-0.4462485768319679,37.35096803052306,4.81,17.6
Mukure Ward,-0.5113432075328281,37.215957992219856,5.14,17.3
Kiine Ward,-0.5563586307893462,37.20433852212435,5.31,17.8
Kariti Ward,-0.6199736697109416,37.19322206434347,5.46,18.9
Marachi East Ward,0.3811682786191915,34.37262736543999,6.12,22.2
Marachi North Ward,0.3402153415217046,34.34839887703464,6.12,21.9
Elugulu Ward,0.3645433530942971,34.30837822409551,6.1,22.1
Namboboto Nambuku Ward,0.3161906306492473,34.10735944992437,6.05,22.4
Nangina Ward,0.2733172543763906,34.11576148663297,6.03,22.5
Ageng'a Nanguba Ward,0.2290593697575939,34.06282470719157,6.06,21.7
Bwiri Ward,0.1747145194232621,34.05488889735545,6.09,22.6
Kiru Ward,-0.6330197423106406,36.80737525364342,4.72,13.6
Kamacharia Ward,-0.6035795766439018,37.00817651799738,5.41,16.3
Wangu Ward,-0.7189054905148556,37.02521632645442,5.39,16.6
Mugoiri Ward,-0.7586904464790826,37.034298960655775,5.39,17.0
Mbiri Ward,-0.7336229089970037,37.190366080808815,5.55,19.3
Township Ward,-0.7254373387836482,37.14927469071586,5.52,18.3
Murarandia Ward,-0.7337867266683401,36.9255319905506,5.17,15.6
Elburgon Ward,-0.301133813017741,35.79136987477687,5.9,14.6
Njoro Ward,-0.3440006735539309,35.944586494293425,5.91,15.8
Biashara Ward,-0.6818729389754584,36.50445041316939,5.63,16.5
Hells Gate Ward,-0.8043571478230613,36.47576482493584,5.82,17.3
Gaturi Ward,-0.6633351600514087,37.11825828100168,5.46,17.6
Kahumbu Ward,-0.8601966129654898,37.08184102957652,5.41,17.9
Amalo Ward,-0.6223600550758949,35.66363684638444,5.31,16.1
Keringet Ward,-0.4606242590732713,35.69782934929938,5.55,14.3
Kiptagich Ward,-0.5829369310604477,35.609070593407814,5.26,15.7
Tinet Ward,-0.4820798788431353,35.59620253939926,5.37,15.6
Kaeris Ward,3.949281450655188,35.43347336800279,6.31,29.0
Lakezone Ward,4.101065975431693,35.801469217421015,6.31,29.5
Lapur Ward,4.6103634895747385,35.70613397760811,6.12,30.0
Kaaleng/kaikor Ward,4.564853211568061,35.269261371207634,5.68,29.5
Muthithi Ward,-0.8374255643208907,37.089072661826144,5.42,17.8
Kigumo Ward,-0.8123636488501116,36.9906073726646,5.32,16.6
Kangari Ward,-0.7375973722109396,36.789870928786655,4.89,12.9
Kinyona Ward,-0.7598150923864226,36.891339869322685,5.14,14.6
Kimorori/wempa Ward,-0.9507310069588016,37.16544189434292,5.42,18.5
Makuyu Ward,-0.9150548514002498,37.24215828623506,5.49,18.4
Kambiti Ward,-0.8097172901636296,37.2190105698777,5.59,19.4
Kamahuhu Ward,-0.841372237917004,37.17169600076086,5.52,18.9
Ichagaki Ward,-0.8090427976661004,37.12178392509718,5.48,18.3
Nginda Ward,-0.7872167941644531,37.08191962907131,5.45,17.9
Ng'araria Ward,-0.9369947242171676,37.02702074802347,5.42,17.8
Muruka Ward,-0.927437611005274,37.056282576125184,5.42,17.8
Kagundu-ini Ward,-0.906431099605458,37.071343841962765,5.41,17.9
Gaichanjiru Ward,-0.8721839632067558,37.04989335763834,5.39,17.7
Ithiru Ward,-0.8813971832192662,36.98836881617399,5.35,17.0
Ruchu Ward,-0.8322382764485314,36.921451515970375,5.23,15.5
Ithanga Ward,-0.9943516537793848,37.34835478142664,5.54,20.4
Kakuzi/mitubiri Ward,-1.01970207082512,37.238576110856044,5.48,19.3
Kingandole Ward,0.3538613320728882,34.23452733178469,6.07,22.2
Leshau/pondo Ward,0.0563290824754614,36.48575499823678,5.9,16.9
Lopur Ward,3.8824268712789753,34.980410517384655,6.04,29.5
Letea Ward,3.373993216508287,34.700632623493014,6.21,26.9
Songot Ward,4.164097566204881,34.796043144781805,6.0,29.8
Mugumo-ini Ward,-0.9847351104548336,37.0311185624262,5.42,18.3
Kihumbu-ini Ward,-0.9222479767342918,36.97510440768074,5.38,17.3
Gatanga Ward,-0.913728450249504,36.92498588237871,5.3,16.7
Kariara Ward,-0.8171678351350375,36.80779220027738,5.12,14.8
Moi's Bridge Ward,0.8910562539365185,35.166867184566186,5.89,18.7
Masalani Ward,-1.7485799598211544,40.28130475389592,5.42,27.7
Kapkures Ward,0.8438993772258908,35.15694423777425,5.96,18.9
Ziwa Ward,0.8326093230373004,35.26847097460804,6.04,18.3
Soy Ward,0.7133711708807142,35.24476111912994,6.15,18.5
Kuinet/kapsuswa Ward,0.6256279495161333,35.297600446855306,6.27,17.8
Ngenyilel Ward,0.5808070144137413,34.94974709540194,6.09,19.9
Tapsagoi Ward,0.5928356933079635,35.07158440160621,6.1,19.6
Kamagut Ward,0.5925763882063488,35.15719111028494,6.15,18.9
Kiplombe Ward,0.6252407709981048,35.229811997866804,6.21,18.4
Kapsaos Ward,0.5613160871582693,35.22877605793535,6.19,18.6
Huruma Ward,0.5266142693103514,35.2492041281781,6.18,18.4
Gurar Ward,3.3758363109780363,39.64525560891897,5.24,24.1
Waita Ward,-0.8001842213173476,38.14455988294088,5.68,23.1
Mutongoni Ward,-1.185112491789108,37.97582597840033,5.79,20.0
Kauwi Ward,-1.196493643622394,37.84621238829198,5.58,20.9
Matinyani Ward,-1.2992190147543208,37.983304481912896,5.7,21.0
Kwamutonga/kithumula Ward,-1.292709802135224,37.878408375124,5.54,21.4
Karatina town Ward,-0.4524109893945012,37.11209865492358,5.35,16.1
Mahiga Ward,-0.510113229037463,36.76971071751253,4.98,12.4
Voo/kyamatu Ward,-1.585333856892185,38.423447858054026,5.41,25.1
Endau/malalani Ward,-1.2838129719295963,38.72049885390911,5.42,26.4
Mutitu/kaliku Ward,-1.2736656208245491,38.29873983791212,5.43,23.7
Ikanga/kyatune Ward,-1.731422897108731,38.08060086768796,5.54,23.3
Emali/Mulala Ward,-2.040329476088993,37.50830285607515,5.47,21.4
Masongaleni Ward,-2.458668273603555,38.16675608729396,5.61,23.6
Mtito Andei Ward,-2.7076254967341367,38.29316248703256,5.46,24.3
Thange Ward,-2.5039638280058054,37.88836340572133,5.31,22.5
Ivingoni/Nzambani Ward,-2.6547032346476973,38.04494344424312,5.57,23.0
Engineer Ward,-0.6353863868207483,36.55868163979365,5.57,14.6
Gathara Ward,-0.6220873823677064,36.62157585834038,5.43,12.6
North kinangop Ward,-0.5303660786397576,36.62539917641517,5.25,13.0
Murungaru Ward,-0.5225287459919463,36.52933433596314,5.42,15.8
Wanjohi Ward,-0.3120061960365463,36.49452315247612,5.53,16.4
Kipipiri Ward,-0.4077932869341958,36.46171158960532,5.56,16.9
Mutira Ward,-0.4666007114137307,37.23379890628967,4.97,16.6
Kanyekini Ward,-0.5541982347278431,37.27718768522399,5.28,18.6
Kerugoya Ward,-0.4980845413040827,37.28449534643541,5.04,17.6
Inoi Ward,-0.3402350536257184,37.30743788331168,4.23,13.8
Kerio Delta Ward,2.8479728877281096,36.06909108186355,6.57,30.6
KANG'ATOTHA Ward,3.241655540992677,35.939346521672284,6.56,29.7
Kalokol Ward,3.4531190258599502,35.71205939021769,6.45,29.9
Mathare North Ward,-1.2532569340283126,36.87065050149124,5.35,19.2
Marachi Central Ward,0.3457247354895041,34.273235820445144,6.08,22.0
Bunyala Central Ward,0.0683944075489036,34.041231671576554,6.17,23.4
Imara Daima Ward,-1.3212907612288842,36.87683458343351,5.36,19.3
Tembelio Ward,0.5599632727362006,35.42012510498885,6.37,15.8
Sergoit Ward,0.639202695212171,35.368132382233625,6.34,16.4
Karuna/meibeki Ward,0.819711939481531,35.438530134350444,6.18,17.6
Moiben Ward,0.7731559839250768,35.36697566953563,6.22,16.7
Kimumu Ward,0.550404745556258,35.28827196962676,6.24,17.3
Kapsoya Ward,0.5100043934287088,35.32595646972042,6.24,16.7
Kaptagat Ward,0.4197525489155785,35.42373598423903,6.22,15.9
Ainabkoi/olare Ward,0.2041391689751663,35.499700378710976,6.11,14.9
Simat/ Kapseret Ward,0.4723847967422181,35.20131617365697,6.09,18.4
Kipkenyo Ward,0.5165418737794162,35.24166418136081,6.17,18.4
Bunyala North Ward,0.133791280269959,34.03746862644541,6.12,23.2
Bunyala West Ward,0.0971950808698849,33.98274461773444,6.16,23.3
Bunyala South Ward,0.0332167950410038,34.0052719931804,6.2,23.4
Mariashoni Ward,-0.4058921553106047,35.8121333691398,5.67,11.9
Turi Ward,-0.299372619034408,35.73826122866389,5.88,14.6
Molo Ward,-0.2248922616691081,35.764930797320744,5.9,15.7
Mau Narok Ward,-0.6212505452630347,35.98803499404953,5.79,11.4
Mauche Ward,-0.5063971883311362,35.94546044006,5.59,12.9
Kihingo Ward,-0.4708295625515871,36.02238154260597,5.89,16.3
Nessuit Ward,-0.4056459243418253,35.89188907379725,5.66,13.7
Lare Ward,-0.4184042125411313,36.00729374144628,5.9,16.4
Kilgoris Central  Ward,-1.0018455644605464,34.93413666982777,5.88,19.4
Lake View Ward,-0.7476062443654697,36.44913918206546,5.92,18.4
Mai Mahiu Ward,-1.007036016980239,36.48283854295699,5.64,19.1
Maeilla Ward,-0.7816890828107387,36.23720020939332,5.76,16.9
Olkaria Ward,-0.8990577309046702,36.36296055367189,5.78,16.8
Naivasha East Ward,-0.8043794713011575,36.52085248094215,5.74,15.4
Viwandani Ward,-0.7365927648795467,36.40535355300707,6.0,19.1
Gilgil Ward,-0.4720988886457004,36.29995837613535,5.94,18.8
Elementaita Ward,-0.5848962834692064,36.10452952717266,5.92,16.6
Mbaruk/eburu Ward,-0.5185083458629608,36.2330853529789,5.93,18.3
Malewa West Ward,-0.6695125683687733,36.37219049772405,5.96,19.3
Murindat Ward,-0.4622351959883213,36.35233147243304,5.8,17.8
Kibish Ward,5.124133359544516,35.4431758731854,,
Lokichoggio Ward,4.243289617228198,34.22159573275648,5.89,27.8
Turkwel Ward,3.1741476012451293,35.31353299063064,6.31,28.6
Lokiriama/Lorengippi Ward,2.729828004608525,34.87337216516428,6.35,25.6
Kaputir Ward,2.160016567903109,35.38323581991289,6.33,26.9
Lobokat Ward,1.8904377422983885,35.61125820961715,6.08,26.4
Kalapata Ward,2.431405338031095,35.976380302649204,6.39,29.2
Kapenguria Ward,1.3144338702781395,35.1202386200237,6.03,18.6
Mnagei Ward,1.253974170217265,35.0545421083489,6.03,17.9
Siyoi Ward,1.21965844548606,35.165081122755666,5.71,17.1
Endugh Ward,1.739636567681204,35.26268882824956,6.44,22.9
Sook Ward,1.587475304094377,35.30184424924234,5.96,17.6
Sekerr Ward,1.7022841611428272,35.4345003786092,5.67,16.7
Masool Ward,1.6015705857627218,35.64863511681107,6.14,24.0
Danaba Ward,3.1106270227089783,39.77143504040188,5.26,25.9
Lomut Ward,1.380795015966278,35.59285265700553,5.97,22.2
Wei wei Ward,1.447936375178143,35.475146212308395,6.04,25.1
Olorropil Ward,-0.7685841805063793,35.96679274655561,5.42,13.0
Melili Ward,-0.868272853781204,36.03997102954796,5.5,12.8
Mosiro Ward,-1.2271407477585492,36.08957044047256,5.89,18.5
Ildamat Ward,-1.110237500203289,36.008314122341446,5.86,18.4
Keekonyokie Ward,-1.15707569426139,36.23834556948057,5.8,19.6
Suswa Ward,-1.0060025652603162,36.234473602487874,5.45,17.9
Maji Moto/naroosura Ward,-1.4032093829602876,35.82053150224418,6.22,18.7
Ololulung'a Ward,-0.95359571460417,35.65865158349331,5.84,18.8
Melelo Ward,-0.8761346393437789,35.62567927673058,5.69,18.4
Loita Ward,-1.8499499494196496,35.85661743936103,5.9,15.1
Sogoo Ward,-0.8182741328447096,35.60377401782377,5.56,17.4
Sagamian Ward,-0.7049833006348734,35.52967362132462,5.33,16.8
Ilmotiook Ward,-0.9676183052072712,35.50211774811827,5.96,18.6
Mara Ward,-1.1763979740754384,35.24765984955583,6.14,19.1
Siana Ward,-1.4221826018953083,35.38202386328991,6.13,21.0
Loosuk Ward,1.0945229531546536,36.519801119501,5.33,19.0
Porro Ward,1.192006895178357,36.57444068836657,5.32,15.8
El-barta Ward,1.577421802558514,36.855939022146245,6.57,24.0
Nachola Ward,1.6560836809950217,36.58992435810698,6.23,28.3
Ndoto Ward,1.7315589419767374,37.116987090348566,5.8,21.4
Nyiro Ward,2.122262754244485,36.77145225086561,5.91,24.4
Angata nayokie Ward,1.316157205530532,36.71638067518012,5.76,19.0
Baawa Ward,1.0923772528083824,36.89538552191832,5.71,20.1
Waso Ward,1.0464848376745923,37.70837455004017,6.31,25.1
Wamba west Ward,0.842134593380419,37.20877627668143,6.31,22.3
Wamba east Ward,1.0231176796625212,37.420745565984696,6.14,24.6
Wamba north Ward,1.330435753874735,37.18110202869178,6.37,20.3
Kapomboi Ward,1.114913887708222,34.933660850442266,5.91,18.1
Kwanza Ward,1.1364252051622654,35.03208595230193,5.78,17.8
Mwawesa Ward,-3.92847631449193,39.61859425535295,5.42,26.1
Chepchoina Ward,1.1795446845914324,34.77216034253351,5.68,16.8
Endebess Ward,1.049576572209688,34.80089311623094,5.62,16.9
Matumbei Ward,1.1026642051159354,34.746809418823005,5.34,15.3
Kinyoro Ward,0.9954197393478575,34.8316415622045,5.75,17.6
Matisi Ward,0.9966624308210278,34.97466043915077,5.81,17.9
Mjambere Ward,-4.030626874224827,39.68087717540502,5.68,26.3
Naikarra Ward,-1.6788309305873872,35.54638397961098,5.88,18.9
Githiga Ward,-1.076189339128611,36.724653747615946,5.25,15.7
Ikinu Ward,-1.1062655476034997,36.80470196437869,5.28,17.6
Ngewa Ward,-1.08086950201333,36.838707781478014,5.32,17.9
Komothai Ward,-1.0405592639587458,36.83577958299515,5.3,17.4
Ting'ang'a Ward,-1.1391448471116248,36.85508160238505,5.33,18.3
Ndumberi Ward,-1.1612004860572234,36.801729470065226,5.3,18.1
Riabai Ward,-1.1626608382836474,36.83742222130114,5.32,18.4
Kiambu Township Ward,-1.1890332443872225,36.843967518138655,5.33,18.7
Cianda Ward,-1.1337169018408255,36.762724454783886,5.28,17.4
Karuri Ward,-1.1729312497328517,36.75266627743399,5.31,17.3
Ndenderu Ward,-1.1984895135390123,36.746501003666594,5.32,18.2
Muchatha Ward,-1.18696857252406,36.781150245268506,5.31,18.4
Kihara Ward,-1.2165198947423823,36.767410676525365,5.32,18.5
Kiptororo Ward,-0.3489275871470966,35.50629087917058,5.43,15.9
Nyota Ward,-0.3540916280527386,35.632186152774494,5.7,13.8
Sirikwa Ward,-0.2672297181937339,35.6773015747872,5.82,13.5
Gitaru,-1.232920439783962,36.68969331243248,5.43,17.3
Muguga,-1.205406773218915,36.67438560264545,5.49,16.7
Nyadhuna Ward,-1.201900018801377,36.708970836085264,5.38,17.7
Kabete Ward,-1.2306053349895043,36.72515290802711,5.33,18.2
Kiminini Ward,0.8923203481092219,34.93994793820751,5.9,18.9
Waitaluk Ward,0.9283847983598054,35.0344677579276,5.84,18.4
Sirende Ward,0.958637116356306,35.077003917664435,5.78,18.7
Subukia Ward,-0.0170916839382716,36.20261636648914,5.92,17.1
Ibrahim ure Ward,1.5721161538742965,40.45191804576748,5.42,28.8
Menengai West Ward,-0.2072361454904617,35.99841401930215,6.04,16.8
Kinale Ward,-0.8781683887748236,36.651384602481365,5.28,12.8
Nyanduma Ward,-0.991415306188156,36.7355335486143,5.13,15.8
Kamburu Ward,-1.0292974357111015,36.74226160180378,5.21,16.3
Lari/kirenga Ward,-1.0303215639848329,36.63907754505248,5.65,14.2
Kiamwangi Ward,-1.0324298685194606,36.87284323877876,5.34,17.5
Kiganjo Ward,-0.978771733328168,36.801061593780425,5.2,16.6
Ndarugu Ward,-0.9433530949474837,36.80424828595367,5.16,16.1
Ngenda Ward,-1.0129256144774177,36.90380917028559,5.36,17.5
Gituamba Ward,-0.9007911038646156,36.85003933016519,5.22,16.1
Githobokoni Ward,-0.8782073376273904,36.74543708959179,5.01,14.9
Chania Ward,-0.9602602043008158,36.927037701405645,5.34,17.3
Mang'u Ward,-0.9926378082895546,36.94176813946876,5.39,17.8
Murera Ward,-1.0959724466446263,36.93983688354776,5.4,18.6
Theta Ward,-1.1555252017090651,37.01573436851562,5.51,19.3
Visoi Ward,-0.1562245549681183,35.87534171966926,6.13,17.5
Juja Ward,-1.0768739584617353,36.98601710004707,5.4,18.7
Witeithie Ward,-1.0676990801092745,37.034318101888495,5.43,18.7
Kalimoni Ward,-1.1485742480055012,37.10082508081005,5.55,19.3
Thika Township Ward,-1.0305446956234892,37.03322073859749,5.41,18.4
Kamenu Ward,-1.0764570263839155,37.1282494357881,5.51,19.1
Hospital Ward,-1.049248191334723,37.11712261885067,5.45,18.9
Dundori Ward,-0.2453666403195857,36.200902096096605,5.71,17.9
Rurumaward,-3.8798029731361305,39.58560557212624,5.45,25.3
Makutano Ward,1.0917745593772084,35.174763830388706,5.54,18.8
Kaplamai Ward,0.974492461247319,35.10691418422175,5.76,18.8
Motosiet Ward,0.9651764446965752,35.174619199593614,5.75,19.0
Cherangany/suwerwa Ward,1.0313447861252545,35.23691819086539,5.61,18.3
Chepsiro/kiptoror Ward,0.9661563161883322,35.30269698413372,5.7,16.9
Magogoni Ward,-4.019588541091615,39.68627876395786,5.67,26.3
North Uyoma Ward,-0.2576719948171511,34.35097590281543,6.25,23.4
South Uyoma Ward,-0.3381689050579303,34.32361287599752,6.3,23.3
West Uyoma Ward,-0.2725970351256515,34.29020165278927,6.29,23.4
Ukunda Ward,-4.311105009613241,39.55973404409543,5.59,26.3
Kinondo Ward,-4.379430097500507,39.49452756192788,5.54,26.1
Ramisi Ward,-4.463897983921065,39.41398110581629,5.54,25.9
Pongwe Kikoneni Ward,-4.5359910516013455,39.32908026875977,5.64,26.3
Dzombo Ward,-4.453395520262959,39.21945276299404,5.58,25.6
Mwereni Ward,-4.278036323486854,38.85981474518449,5.41,23.9
Vanga Ward,-4.57302286293587,39.14917945564031,5.56,26.3
Kabatini Ward,-0.2091800753474133,36.15826285040909,5.82,19.2
Tsimba Golini Ward,-4.16449380104912,39.50618675397284,5.39,25.2
Waa Ngombeni Ward,-4.155198347410643,39.594647773057744,5.64,26.2
Kamara Ward,-0.1449493835036363,35.67042248372232,5.89,13.9
Tiwi Ward,-4.230207551538617,39.56381491200205,5.55,26.0
Kubo South Ward,-4.304644441602873,39.37271185703613,5.35,24.9
Waseges Ward,0.1008143919555518,36.23592479906743,6.03,21.5
Kabazi Ward,-0.1048283784072338,36.13078880236075,5.96,20.6
Kapyego Ward,1.1210121513922278,35.50593635093718,5.62,10.6
Sambirir Ward,1.0657929522939988,35.61680835436691,5.9,19.9
Mkongani Ward,-4.257804772465522,39.28439756730166,5.44,25.3
Ndavaya Ward,-4.189687860099118,39.1058756655836,5.39,25.3
Puma Ward,-4.057815204163251,39.05215140178224,5.37,24.8
Kinango Ward,-4.087540662726905,39.42592731231469,5.38,25.3
Mackinon Road Ward,-3.8014844493511712,39.120539266443785,5.31,24.9
Chengoni/samburu Ward,-3.7783610598949937,39.26609268963538,5.33,25.4
Mwavumbo Ward,-3.900769179936324,39.40810495984454,5.31,25.7
Kiamaina Ward,-0.2313733201347104,36.08833576000757,5.31,18.3
Kasemeni Ward,-3.999919120756798,39.43679080118352,5.35,25.5
Gatuanyaga Ward,-1.0818329175552026,37.179491662229445,5.54,19.1
Ngoliba Ward,-1.0654038606290397,37.29093506774947,5.56,19.7
Gitothua,-1.1315136496443243,36.91335708936767,5.38,18.8
Mahoo Ward,-3.361298625155858,37.70393128828558,5.6,22.9
Kimulot Ward,-0.5336827892087292,35.256024391485404,5.54,18.9
Mogogosiek Ward,-0.6240848005917896,35.28698110378501,5.52,18.6
Boito Ward,-0.52314620474765,35.41723660581196,5.21,17.4
Embomos Ward,-0.6030675930406287,35.36196257338116,5.39,17.9
BOMBABA BORABU,-0.8978083682942496,34.77590242557329,5.74,19.6
Soin Ward,-0.0520574447375055,35.98634283747641,6.18,19.3
Kemeloi-maraba Ward,0.017421708454554,34.890882856985186,5.85,20.4
Kobujoi Ward,0.0389961060489188,34.96976383244298,5.65,18.6
Kaptumo/kaboi Ward,0.0927545690328229,35.062979751205084,5.55,18.6
Koyo/ndurio Ward,0.0207314540399084,35.04706837051101,5.69,17.8
Nandi hills Ward,0.1081034277004232,35.16539187642319,5.61,17.8
Chepkunyuk Ward,0.1293435412694334,35.241236345282616,5.63,18.4
Mwanda/mgange Ward,-3.374868290866534,38.274474366498985,5.7,18.4
Ronge Ward,-3.4168887428464414,38.452328619077925,5.19,22.3
Igambang`ombe Ward,-0.3604176910365186,37.80850230141812,5.74,22.8
Lelmoko/ngechek Ward,0.3411666428895104,35.18096662756063,5.91,17.8
Mwatate Ward,-3.5716451369732773,38.446845793787766,5.31,21.9
Wusi/kishamba Ward,-3.446352036724575,38.3648999488716,5.03,20.1
Muminji Ward,-0.6137947049349383,37.77226466619115,5.51,23.5
Evurore Ward,-0.4938860017970217,37.81355324394252,5.72,23.7
Lanet/umoja Ward,-0.2945107533586029,36.17765899252167,5.83,19.3
Chepkumia Ward,0.1243803404070835,34.9613089131122,5.74,18.9
Bahati Ward,-0.161118767653009,36.14230423969036,5.88,19.1
Kaptembwo Ward,-0.306164214083268,36.05216992665628,5.97,18.9
Iriaini Ward,-0.461491617708771,37.16329188350517,5.19,16.1
Konyu Ward,-0.5225402442717578,37.12461900391405,5.36,16.3
Kapsabet Ward,0.1640631088293489,35.07933204526891,5.68,18.6
Kilibwoni Ward,0.2155740275771367,35.20034452252002,5.79,18.6
Frere Town Ward,-4.02473272957872,39.69143674445867,5.69,26.3
Kirimukuyu Ward,-0.4703654688562863,37.07767765710018,5.42,16.3
Kapkures Ward,-0.3148330073588846,36.023250826127544,5.99,17.8
Suguta Marmar Ward,0.8978281004384271,36.57717400792653,5.98,18.6
Rhoda Ward,-0.3125426130120339,36.064782310923306,5.97,19.1
Shaabab Ward,-0.2931451547397639,36.05582667901154,5.95,18.8
Soy North Ward,0.4672838050084537,35.59548405742191,5.99,21.7
Soy South Ward,0.2861962710661176,35.65797807421707,6.14,21.1
Biashara Ward,-0.2911209478319554,36.07909859582652,5.91,19.3
Kabwareng Ward,0.1072951486589757,34.89338260638284,5.81,19.5
Ndalat Ward,0.5101195745736266,35.10680299857712,6.07,19.1
Kivumbini Ward,-0.2977977616348012,36.08815866441705,5.92,19.6
Flamingo Ward,-0.3066782182014787,36.07386212809436,5.95,19.3
Menengai Ward,-0.2821783307974451,36.115462325219006,5.86,19.6
Tirioko Ward,1.3670371733670157,35.852846489346604,5.92,23.7
Kolowa Ward,1.111390500829316,35.781342674566766,6.06,21.4
Ribkwo Ward,1.0401851631777868,35.95584601198918,6.21,24.6
Silale Ward,1.0507687105374124,36.1534269196053,6.18,27.9
Loiyamorok Ward,0.8754114279688145,36.0986245691667,6.21,27.1
Kongowea Ward,-4.038979083506989,39.69061368822368,5.71,26.3
Marmanet Ward,0.2637580697473484,36.37495898586738,6.01,17.7
Igwamiti Ward,0.1001322111269223,36.34489685617292,5.85,15.0
Salama Ward,0.2025523947437118,36.64041298746914,6.16,17.8
Ngobit Ward,-0.0426844103641909,36.701920309691445,6.12,16.3
Tigithi Ward,-0.1194103213940459,36.91546159825503,6.1,18.3
Thingithu Ward,0.0228978234216222,37.02411642393828,5.98,18.9
Nanyuki Ward,0.0226565507299857,37.08957908402541,5.9,18.9
Tudor Ward,-4.037122834708146,39.66362893371542,5.65,26.3
Mosop Ward,-0.2631211770548332,35.91302398217761,6.04,15.8
Solai Ward,0.0731225892977093,36.15855864270999,6.18,23.5
Werugha Ward,-3.357701234021602,38.32213993313877,5.58,17.1
Barut Ward,-0.3852563938130328,36.09529597928408,6.0,19.5
London Ward,-0.2707639007556099,36.06259772268711,5.92,18.4
Chaani Ward,-4.02890251353378,39.62453215661488,5.56,26.1
Olkeri Ward,-1.3987467585692137,36.69052377283681,5.36,18.4
Ongata rongai Ward,-1.4004684797310305,36.76993713621474,5.33,19.6
Nkaimurunya Ward,-1.3858891501058836,36.73720942306003,5.31,19.3
Oloolua Ward,-1.3480451593558012,36.67769332516274,5.46,18.4
Ngong Ward,-1.3476807671342494,36.65744407832427,5.58,17.9
Purko Ward,-2.035714213679942,36.74221125852642,5.68,20.8
Ildamat Ward,-1.857541089699316,36.73153465783788,5.59,20.6
Dalalekutuk Ward,-1.9500926964856509,36.92097909183005,5.52,18.9
Matapato north Ward,-2.199053364294037,36.82966140060995,5.53,19.9
Matapato south Ward,-2.4098399105169896,36.77852607568568,5.45,17.3
Kaputiei north Ward,-1.686811884609902,36.875364749682696,5.46,20.0
Kitengela Ward,-1.550369857373263,36.8819264159906,5.44,20.1
Oloosirkon/sholinke Ward,-1.4724766878213795,36.83545744091933,5.44,19.6
Kenyawa-poka Ward,-2.2059717096863047,37.44267130705237,5.52,21.9
Imaroro Ward,-1.945223347706672,37.125498984084544,5.52,19.7
Keekonyokie Ward,-1.5787939679598009,36.53449881467317,5.78,24.9
Manyatta B Ward,-0.0996798542377155,34.783091411255334,6.25,23.8
Chilchila Ward,-0.1676114623666375,35.36681482632861,5.8,21.5
Kapsoit Ward,-0.2975744192537323,35.21816345721711,5.92,19.1
Ainamoi Ward,-0.2712456090552785,35.27855742468817,5.93,20.9
Kapkugerwet Ward,-0.3485878487876478,35.298843382320925,5.61,18.8
Kipchebor Ward,-0.3812217496986884,35.263310187047246,5.61,19.4
Kipchimchim Ward,-0.328732041711567,35.275032234143445,5.73,18.6
Kapsaos Ward,-0.2877685213962543,35.34233928337767,5.86,19.9
Kisiara Ward,-0.4921685711983348,35.10712117419695,5.82,20.5
Tebesonik Ward,-0.5497083896869451,35.082767127665484,5.76,20.6
Cheboin Ward,-0.5676348121077083,35.12925368527902,5.76,19.4
Chemosot Ward,-0.5160621990359854,35.1692525473601,5.71,19.9
Litein Ward,-0.5967011981646787,35.162187838490354,5.71,19.1
Cheplanget Ward,-0.6382724794387503,35.11233433396406,5.75,19.6
Waldai Ward,-0.3589890140953494,35.17165106679393,5.82,19.3
Kabianga Ward,-0.4325958422445433,35.1311259572858,5.79,20.3
Kadzandani Ward,-4.013107531699371,39.70832132791484,5.72,26.3
Nakuru East Ward,-0.3443353787730334,36.145077652455655,5.94,19.3
Port Reitz Ward,-4.021440295794889,39.61232004588228,5.54,26.1
Sigowet Ward,-0.4337206338253399,35.06689832495322,5.89,20.1
Kaplelartet Ward,-0.3575187332225854,35.064794857993505,5.99,20.4
Soliat Ward,-0.2974059343169267,35.11903996458568,6.04,22.3
Soin Ward,-0.2215808315207225,35.159530272228444,6.1,23.3
Shika Adabu Ward,-4.109459784704991,39.64357212586141,5.71,26.4
Junda Ward,-4.011645162820469,39.6744669609355,5.63,26.3
Bamburi Ward,-3.972309355728682,39.70758049263459,5.66,26.3
Mwakirunge Ward,-3.9576400354132737,39.664345583727126,5.53,26.4
Mtopanga Ward,-3.993418096512341,39.689612915277394,5.64,26.1
Nyalenda A Ward,-0.1166560186091016,34.77375242581412,6.27,23.9
Shanzu Ward,-3.9805201709939153,39.73116198575023,5.7,26.3
Ziwa La Ng'ombe Ward,-4.027600207723087,39.71153276276491,5.73,26.3
Mkomani Ward,-4.04986568142335,39.69512756129061,5.72,26.3
Mtongwe Ward,-4.082379641699984,39.61727460484431,5.62,26.3
Mbololo Ward,-3.3638619755381614,38.50925257466896,5.31,23.5
Bofu Ward,-4.082464490845242,39.6526652201396,5.7,26.4
Sokoni Ward,-3.617110338143512,39.86626921074539,5.72,26.2
Dabaso Ward,-3.311908329400998,39.990411155676256,5.67,26.5
Watamu Ward,-3.3093990247188634,40.05684548761292,5.78,26.4
Mwarakaya Ward,-3.794860842569941,39.724121427132985,5.47,25.9
Chasimba Ward,-3.728724975999546,39.7237792250522,5.49,25.3
Mtepeni Ward,-3.8975479459107754,39.750172272224,5.64,26.2
Mariakani Ward,-3.8324213087632657,39.46602478633319,5.34,25.5
Kayafungo Ward,-3.758813430553469,39.476509117661806,5.35,25.6
Kaloleni Ward,-3.792986527816661,39.63343523341096,5.43,24.8
Mwanamwinga Ward,-3.704053794841952,39.55919639118829,5.41,24.9
Kambe/ribe Ward,-3.885380046436432,39.65708720939803,5.43,26.0
Shauri Moyo Kaloleni Ward,-0.0987100416240043,34.77019161108523,6.24,23.8
Bamba Ward,-3.4887719209269323,39.35083368911229,5.29,26.0
Jaribuni Ward,-3.6199376165994535,39.68839235021013,5.38,25.9
Jilore Ward,-3.2254385872692097,39.85480653143926,5.44,26.4
Kakuyuni Ward,-3.19626334842769,40.0034406117362,5.6,26.6
Shella Ward,-3.2450206616361696,40.11685851875282,5.81,26.6
Marafa Ward,-2.9691528471953097,39.846538858367005,5.26,26.5
Magarini Ward,-3.0873054086970764,40.08017298116992,5.6,26.4
West Ugenya Ward,0.2086444896567832,34.14707851301338,5.96,22.6
Ukwala Ward,0.1968673484627964,34.20255188787905,6.03,22.8
North Ugenya Ward,0.2641273788522177,34.23404343504502,6.04,22.4
East Ugenya Ward,0.267611153755121,34.31587068770471,6.11,22.4
Sidindi Ward,0.1654508318961321,34.3881210725445,6.12,22.1
Sigomere Ward,0.2160478267477978,34.3604803461405,6.14,22.2
Ugunja Ward,0.1892635247789656,34.28099865556305,6.1,22.5
Usonga Ward,0.0675073523976962,34.096204396487416,6.08,23.5
West Alego Ward,0.1114597713459412,34.17104212395762,6.02,22.9
Central Alego Ward,0.0800920076616102,34.22524883764539,6.03,22.8
Siaya Township Ward,0.0494854896506519,34.27675482278707,5.99,22.5
Gombato Bongwe Ward,-4.284419929387302,39.53337936442093,5.49,26.1
Sagala Ward,-3.3276489029573866,38.83309873558959,5.58,25.3
South West Kisumu Ward,-0.1081965509469052,34.63289930943986,6.2,23.5
Nyakoe Ward,-0.6283394266072715,34.76276919960602,5.88,21.2
Kisii Central Ward,-0.6641608770560903,34.76473793543885,5.83,20.8
Parklands/highridge Ward,-1.2587413035158277,36.80485490394396,5.29,19.0
Kilimani Ward,-1.2866220626735896,36.784816061284445,5.28,18.8
Kileleshwa Ward,-1.271768134737318,36.78547180708992,5.28,18.9
Mogotio Ward,0.0806661076709309,35.86196843613309,6.25,19.3
Emining Ward,0.2405577238342653,35.94677188497904,6.3,21.2
Kisanana Ward,0.1487248955152448,36.07699352004289,6.3,23.3
Lembus Ward,0.0969985742793357,35.600680419330274,5.76,13.9
Lembus kwen Ward,0.1013748120048311,35.69119967817102,5.79,15.6
Ravine Ward,0.0182994527067893,35.72760227733109,6.04,16.0
Mumberes/Maji Mazuri Ward,-0.0459369275454768,35.668298247021546,5.99,14.6
Lembus/Perkerra Ward,0.0740182964627056,35.792514407828804,6.17,18.1
Koibatek Ward,-0.0661138189068415,35.78767358674609,5.9,16.8
Ol-Moran Ward,0.5619948025953662,36.38308239147236,5.92,19.6
Rumuruti Township Ward,0.290855231660654,36.48267527904353,6.16,18.9
Woodley/kenyatta Golf Course Ward,-1.3040212825863209,36.788613447598806,5.27,18.9
Kedowa/kimugul Ward,-0.2234911412912105,35.57777994870598,5.82,17.3
Chepseon Ward,-0.2971721608666244,35.40330065558674,5.76,17.9
Tendeno/sorget Ward,-0.0443303865243955,35.517491024856845,5.55,15.8
Kunyak Ward,-0.1287438105559475,35.2952350718398,5.84,21.4
Kamasian Ward,-0.1315486639381191,35.43243970941465,5.58,19.8
Kipkelion Ward,-0.160337625263406,35.47006647884768,5.8,19.0
Likoni Ward,-4.093570762329363,39.64389489447843,5.7,26.4
Zimmerman Ward,-1.2036826996385148,36.87953376305799,5.37,19.0
Roysambu Ward,-1.2258841473857998,36.862871856436826,5.35,19.0
Mwiki Ward,-1.235856793498028,36.96028308047542,5.5,19.5
Kasarani Ward,-1.2287444070386917,36.89186347127926,5.39,19.1
Market Milimani Ward,-0.1097120002405304,34.75509550121498,6.23,23.8
Lucky Summer Ward,-1.239345709233198,36.898311563688765,5.4,19.3
Korogocho Ward,-1.2499482720696655,36.890695815416926,5.39,19.2
Kibarani Ward,-3.5731607669803997,39.81812738524724,5.61,25.8
Matsangoni Ward,-3.427291105137714,39.926018786417416,5.65,26.3
Pipeline Ward,-1.337862587574065,36.90392210033526,5.41,19.4
Kondele Ward,-0.0895091288867338,34.778701227754205,6.22,23.8
Timbwani Ward,-4.095521346045562,39.66180081731216,5.72,26.3
Nyalenda B Ward,-0.1325128546488335,34.74903807495743,6.23,24.0
West Seme Ward,-0.1361579525402359,34.46478400316729,6.2,23.3
Central Seme Ward,-0.1167314870610783,34.50219279586508,6.19,23.3
East Seme Ward,-0.0982595476759043,34.56612009911556,6.19,23.0
North Seme Ward,-0.0561278319009281,34.51028786870827,6.09,21.8
East Kano/wawidhi Ward,-0.2290319364563282,35.001995819193795,6.22,23.9
Kabonyo Kanyagwal,-0.2277550545611408,34.84225596503979,6.3,24.1
Kobura Ward,-0.1641732268344258,34.85836451339967,6.3,23.9
Miwani Ward,-0.0576690965224239,34.9318071709979,6.05,23.3
Ombeyi Ward,-0.110137628403848,34.9224210106761,6.22,23.8
Masogo/nyang'oma Ward,-0.1256677698676492,35.051258819172055,6.19,23.8
Chemelil Ward,-0.075611394639724,35.14281784014478,6.08,23.6
Muhoroni Koru Ward,-0.1778619294092548,35.253871865545044,6.03,23.1
South West Nyakach Ward,-0.3827451280580093,34.91177428755212,6.16,22.0
North Nyakach Ward,-0.2789965320182982,34.96651380487386,6.23,23.9
Central Nyakach Ward,-0.3178969169264242,34.920181822555286,6.24,23.9
West Nyakach Ward,-0.3443550979121444,34.835923156644164,6.26,23.6
South East Nyakach Ward,-0.3727801094580449,34.97606378903247,6.08,21.1
Awasi/onjiko Ward,-0.1793259159904558,35.061751990403735,6.2,23.8
Ahero Ward,-0.1940933408370102,34.933710675625626,6.27,24.0
Rigoma Ward,-0.7443330311623492,34.936662368379665,5.7,17.9
Gachuba Ward,-0.707766239283905,34.882382782260954,5.68,18.8
Kamera Ward,-0.6756805429573515,34.83038820382875,5.72,19.3
Magombo Ward,-0.6625569433652714,34.90360401218621,5.67,18.1
Manga Ward,-0.6341791743244934,34.85869911437699,5.71,18.5
Gesima Ward,-0.7025894315370633,34.97239735098445,5.72,18.7
Nyamaiya Ward,-0.5097397960406959,34.90812839633114,5.95,19.3
Bogichora Ward,-0.5858953521571528,34.91894089580902,5.71,18.2
Bosamaro Ward,-0.6402830332596736,34.938746825806895,5.67,18.6
Bonyamatuta Ward,-0.6179859964874559,34.96076940850448,5.67,18.3
Township Ward,-0.5687381101840063,34.93556693768272,5.74,18.0
Itibo Ward,-0.5623656275697533,35.006980128828694,5.74,18.8
Bomwagamo Ward,-0.516759890521972,34.94837540424652,5.89,19.7
Bokeira Ward,-0.45649636681071,34.98641867714679,5.95,20.3
Magwagwa Ward,-0.4746100268650097,35.02296605367992,5.89,20.6
Ekerenyo Ward,-0.5195451779788188,34.99570531672868,5.85,19.1
Mekenene Ward,-0.6272372446028691,35.040928223479696,5.69,19.1
Kiabonyoru Ward,-0.5954892577890404,34.989103489556875,5.66,17.8
Nyansiongo Ward,-0.7621446217316434,35.005853334506384,5.75,18.7
Esise Ward,-0.8101780496623731,35.036245439262125,5.79,19.2
Bomariba Ward,-0.6305257975642372,34.69501236231444,5.93,21.1
Bogiakumu Ward,-0.6725653637333645,34.72832719208469,5.86,21.0
Bomorenda Ward,-0.695783184731401,34.7074258987879,5.87,21.3
Riana Ward,-0.670500085684422,34.6625518195665,5.94,21.7
Tabaka Ward,-0.7413693041869789,34.6556264709837,5.88,20.0
Boikanga Ward,-0.8234824998750029,34.663704234444815,5.78,19.4
Bogetenga Ward,-0.7927453690951721,34.64687711434629,5.86,21.2
Borabu Chitago Ward,-0.9090408529460632,34.67776844852875,5.75,20.3
Moticho Ward,-0.8958351725096015,34.63507502726204,5.79,21.1
Getenga Ward,-0.9396609890440948,34.65868565870951,5.76,20.4
Bokimonge Ward,-0.9122069824108914,34.7529153869795,5.74,19.7
Magenche Ward,-0.92952789603775,34.717330844616235,5.74,19.1
Masige West Ward,-0.8399103401433555,34.77035051810054,5.74,19.4
Masige East Ward,-0.8306622185331983,34.792018016454364,5.73,18.3
Basi Central Ward,-0.8358936426989347,34.84155364545048,5.71,19.2
Nyacheki Ward,-0.8878912559162596,34.877996147504234,5.74,18.3
Bassi Bogetaorio Ward,-0.8969413198997798,34.829595676017206,5.73,18.3
Bobasi Chache Ward,-0.7388295506607477,34.743631923901454,5.78,20.4
Sameta Mokwerero Ward,-0.7801800327111834,34.759054362154586,5.75,18.8
Bobasi Boitangare Ward,-0.792770100786786,34.79872601489333,5.72,20.0
Majoge Basi Ward,-0.7498491404288975,34.70114996965546,5.81,21.1
Boochi Tendere Ward,-0.8071420738895593,34.72108421371054,5.77,20.8
Bosoti Sengera Ward,-0.8567637480807336,34.7074115945581,5.76,20.1
Ichuni Ward,-0.7899498812110867,34.919972913432375,5.71,18.3
Nyamasibi Ward,-0.8433145303256341,34.97158059247098,5.73,18.3
Masimba Ward,-0.8700606787062476,34.9524910187273,5.75,17.3
Gesusu Ward,-0.8669674905948055,34.904774174678344,5.73,18.1
Kiamokama Ward,-0.8233637670711252,34.905420138989726,5.72,17.8
Bobaracho Ward,-0.7110534597750752,34.806393336689275,5.72,18.5
Kisii Central Ward,-0.7049134390998762,34.76450663467796,5.79,19.5
Keumbu Ward,-0.7397497467497407,34.84582948381108,5.7,18.5
Kiogoro Ward,-0.7455014327421787,34.79099251634384,5.73,19.0
Birongo Ward,-0.7625086703067654,34.88005190155188,5.71,18.4
Marungu Ward,-3.751304365097977,38.86287833289838,5.39,24.7
Lower Savanna Ward,-1.2944014090428686,36.89763807624388,5.4,19.3
Embakasi Ward,-1.3093275311036328,36.93498254746804,5.46,19.3
Utawala Ward,-1.3126419947328465,36.899748789155765,5.4,19.3
Mihango Ward,-1.2752705789687868,36.954060723913386,5.49,19.4
Ngolia Ward,-3.253724084962227,38.45897473183908,5.57,23.8
Sensi Ward,-0.5741084053522083,34.81187910580522,5.86,20.4
Viwandani Ward,-1.3054704208602643,36.870949479030976,5.35,19.3
Harambee Ward,-1.2828046405094458,36.87671607990038,5.35,19.2
Eastleigh South Ward,-1.2819903995220308,36.86057902438719,5.32,19.3
Kabiemit Ward,0.2629787894786147,35.55539796652067,6.21,13.1
Maalimin Ward,0.4118516412522552,39.13834270349778,5.86,28.0
Sabena Ward,0.7811347688916358,39.40854199994956,5.82,28.8
Baraki Ward,0.4420671090993541,39.4907521463481,5.78,28.4
Chemundu/kapng'etunyi Ward,0.2310029882078776,35.08219096574727,5.75,18.6
Kawangware Ward,-1.280323065426214,36.74385459577004,5.3,18.6
Landimawe Ward,-1.3023529345152216,36.83962622203575,5.29,19.3
Nairobi South Ward,-1.3196060873413242,36.85066262070182,5.32,19.4
Huruma Ward,-1.2596198706730073,36.86701313845102,5.34,19.2
Segeroi/barsombe Ward,0.8978319013212024,35.29800612837231,5.92,18.7
Kipsomba Ward,0.7733579380029392,35.18711041115634,6.05,18.7
Megun Ward,0.3379446270062222,35.28761381395035,5.97,17.0
Keyian Ward,-1.0387867707331488,34.68941598430715,5.81,20.4
Angata Barikoi Ward,-1.349968073743842,34.79359901615917,5.89,19.3
Shankoe Ward,-1.0345815440950283,34.82930117159685,5.83,20.3
Kimintet Ward,-1.256170664652257,35.00304335147364,5.98,20.8
Lolgorian Ward,-1.20589380037751,34.812808504062126,5.93,20.6
Iikerin Ward,-1.04386014671913,35.09925427150374,6.01,19.2
Ololmasani Ward,-0.933073690744242,35.04680476986466,5.9,18.9
Mogondo Ward,-1.0139478237884332,35.04701583302059,5.99,19.3
Kijabe Ward,-0.9656043104218806,36.64731231873929,5.42,12.9
Gatongora Ward,-1.1987855748025429,37.05306735737671,5.54,19.6
Gatunga Ward,-0.1254686815377578,38.12347645105525,5.83,25.6
Mukothima Ward,0.0129550828907275,38.04631913743893,5.79,23.9
Kahawa Wendani Ward,-1.197703727404347,36.92826486623388,5.44,19.3
BOOCHI BORABU,-0.9109228598706022,34.80599542273305,5.74,19.2
Kipini east Ward,-2.4862416261560343,40.52836687699554,5.65,26.7
Garsen south Ward,-2.5915303664350025,39.15880623310297,5.42,27.2
BANISSA,3.9405091856549466,40.360931612069415,5.42,23.8
DERKHALE,3.852399248760793,40.18647764240477,5.28,24.9
BULA PESA,0.3404026423569757,37.568492711934304,6.39,22.6
CHARI,1.1308152464389398,38.272528373729614,6.28,27.7
CHERAB,1.5209538283742368,38.8634280957352,6.06,28.8
NGARE MARA,0.6574997732673765,37.89679893936498,6.37,25.8
BURAT,0.4352116537482453,37.47736280789503,6.42,22.3
OLDONYIRO,0.6379677430302078,37.134666355742354,6.48,21.9
GARBATULLA,0.4910215008320993,38.55893847420732,6.11,26.4
KINNA,0.3955272582257207,38.299986261627744,6.11,24.9
SERICHO,0.8992080446363065,38.98044045849526,6.16,28.2
LAGHSURE,3.5694283537933407,40.211522589401575,5.29,25.8
ASHABITO,3.324212773345085,40.84606157264325,5.4,26.0
GUTICHA,3.6262971400871113,40.60880449648514,5.38,25.0
BULLA MPYA,3.8275827576744335,41.76411674007808,5.88,28.9
KHALALIO,3.8995741174027496,41.6651355602127,5.87,28.5
NEBOI,3.959627810462041,41.75636139078803,5.87,28.9
TOWNSHIP,3.94840699962507,41.87303386210687,5.84,29.2
LIBEHIA,3.739555398262811,41.32046809726171,5.73,26.8
FINO,3.392315757595287,41.28611104947917,5.71,27.1
LAFEY,3.169577673272705,41.2206316670932,5.55,27.1
WARANKARA,3.373457300969968,41.030135446384485,5.54,26.3
ALANGO GOF,3.1112216469770315,41.05090366236345,5.47,26.9
Njabani/kiburu Ward,-0.7251365479292798,36.67610307403817,5.43,13.1
Lokichar Ward,2.6378041589076777,35.676951522858985,6.4,28.3
Kapedo/napeitom Ward,1.4671829061592023,36.20768025296294,6.36,29.1
Endo Ward,1.204789803474874,35.66074422951607,6.01,22.3
Embobut/Embulot Ward,1.2094547127380593,35.57635842393493,5.62,11.5
Lelan Ward,1.0731530092387804,35.4095058157458,5.31,10.5
Kabiro Ward,-1.286828929567533,36.7478795323084,5.29,18.6
Mutu-ini Ward,-1.294028007271797,36.6988496962295,5.38,18.1
Ngando Ward,-1.3006536105235087,36.74122455056038,5.3,18.5
Riruta Ward,-1.288634547568287,36.73526681421595,5.3,18.5
Uthiru/ruthimitu Ward,-1.272029387117898,36.7073150596734,5.36,18.1
Waithaka Ward,-1.2872078467925696,36.71717979901775,5.33,18.3
Karen Ward,-1.3367304895546224,36.725581829604174,5.32,18.5
Sacho Ward,0.3862499896470361,35.7489424144122,6.04,19.1
Mukutani Ward,0.5465807446770855,36.17508202351511,6.26,25.8
Kimana Ward,-2.7911467509139234,37.485219442431486,5.59,20.8
Umande Ward,0.1949364785644335,37.12557991584647,5.99,16.3
Sosian Ward,0.6065492092848809,36.64904868361418,6.34,18.6
Segera Ward,0.2199242430087972,36.88071578584572,6.12,19.7
Mugogodo West Ward,0.4294071018916551,37.01302856348209,6.44,18.4
Mugogodo East Ward,0.3229281988296233,37.2476629372367,6.31,16.5
Iloodokilani Ward,-2.0292537112574167,36.50434517881918,5.58,24.8
Magadi Ward,-1.896586547216476,36.2360470932524,6.15,26.6
Ewuaso oonkidong'i Ward,-1.335495753714597,36.42199161010452,5.84,22.6
Mikindani Ward,-4.009883283951374,39.630914645588646,5.55,26.1
Makadara Ward-mji Wa Kale Ward,-4.06700459041465,39.674755169063445,5.7,26.3
Tononoka Ward,-4.049379035136632,39.669095427651584,5.68,26.3
Ganjoni Ward-shimanzi Ward,-4.055845334512974,39.65546775681605,5.66,26.3
Majengo Ward,-4.052203720792239,39.66212567323255,5.67,26.3
Tezo Ward,-3.5415392079458186,39.88455846810917,5.71,26.2
Chawia Ward,-3.858901623237532,38.37895218412186,5.37,23.6
Shimo La Tewa Ward,-3.939440466473198,39.738904648518734,5.67,26.3
Rabai/kisurutini Ward,-3.939981661556192,39.55871061826206,5.43,25.2
Ganze Ward,-3.472944369177542,39.64492504375312,5.35,25.9
Sokoke Ward,-3.352463014526617,39.71464227070883,5.34,26.3
Ganda Ward,-3.2440822555413598,40.06606406587556,5.69,26.4
Malindi Town Ward,-3.2196978044079434,40.08822636171907,5.72,26.5
Gongoni Ward,-2.9656888149147296,40.10469142496646,5.65,26.4
Adu Ward,-2.8694740061171102,39.67683104288096,5.2,26.3
Garashi Ward,-3.102010638354547,39.892110573505896,5.37,26.7
Sabaki Ward,-3.1771404526742435,40.10314296695893,5.72,26.4
North Alego Ward,0.0951432862486867,34.32704069484301,6.06,22.1
South East Alego Ward,4.229192138721296e-05,34.28702617013775,5.97,22.3
North Gem Ward,0.1165199784189741,34.41685957417531,6.09,21.9
West Gem Ward,0.0308516590331355,34.41165705799511,6.04,21.9
Central Gem Ward,0.0702278843198399,34.47098282716463,6.04,21.8
Yala Township Ward,0.1004134286764577,34.53064884942347,6.05,21.3
East Gem Ward,0.0299616475305906,34.51965805121722,6.06,21.4
South Gem Ward,-0.0272159838574536,34.43795382262108,6.06,22.3
West Yimbo Ward,-0.0719943840856822,34.04613928772657,6.19,23.4
Central Sakwa Ward,-0.1564554975645486,34.15535569279598,6.23,23.3
South Sakwa Ward,-0.1804648759128803,34.23451684153969,6.19,23.4
Yimbo East Ward,-0.0235871397909664,34.12519572030638,6.11,23.2
West Sakwa Ward,-0.0826414862973516,34.2192857748273,6.02,22.8
North Sakwa Ward,-0.0909315931778956,34.30756038078777,5.99,22.4
East Asembo Ward,-0.1269853864241097,34.39717286185648,6.1,23.1
West Asembo Ward,-0.1555725153503824,34.33673591868685,6.09,23.1
Kajulu Ward,-0.0329329062117345,34.79212178912523,6.06,23.4
Kolwa East Ward,-0.1166765949463775,34.8260758583416,6.28,23.9
Kolwa Central Ward,-0.1148138314206002,34.78991429624579,6.28,23.9
Central Kisumu Ward,-0.0756345079341843,34.712680198932794,6.17,23.8
Kaloleni  Ward,-3.43197881382701,38.56095815018856,5.25,22.9
North Kisumu Ward,-0.039166595015472,34.7165274976552,6.07,21.6
West Kisumu Ward,-0.0579103056661154,34.63089215637079,6.09,22.1
North West Kisumu Ward,-0.0238913850970352,34.617022465196854,6.04,21.9
Railways Ward,-0.0781183994166361,34.75363665689245,6.19,23.9
Migosi Ward,-0.0755566814002459,34.78174675578317,6.19,23.7
Ibeno Ward,-0.7790903291459839,34.84138393528498,5.71,19.5
Monyerero Ward,-0.5740898342119869,34.856932299198824,5.79,18.4
Marani Ward,-0.5766726096507845,34.78044450355532,5.92,20.8
Kegogi Ward,-0.5336911379688272,34.84169019897462,5.9,19.7
Bogusero Ward,-0.5881092232771907,34.725623048020864,5.96,21.6
Bogeka Ward,-0.6102034083553775,34.75001583576662,5.92,21.1
Nyatieko Ward,-0.6446496772981313,34.79403841684329,5.81,20.4
Karura Ward,-1.2302235172902174,36.81011363782375,5.31,18.8
Kangemi Ward,-1.2681625706731157,36.75258888498314,5.3,18.6
Mountain View Ward,-1.2704693545115966,36.73757856714755,5.31,18.2
Keiyo Ward,1.2148856686313134,34.95983576832448,6.11,17.3
Gatina Ward,-1.279949494116487,36.755947624452624,5.29,18.6
Sangalo/kebulonik Ward,0.3486130385434664,34.998408854010044,5.8,17.9
Tangulbei/korossi Ward,0.7914169244308988,36.22246436448263,5.95,25.8
Nairobi West Ward,-1.3202745176218522,36.81443818895231,5.27,19.4
Mugumo-ini Ward,-1.3714274882759845,36.84916521689365,5.33,19.8
Churo/amaya Ward,0.789944605898132,36.38093121423409,5.8,22.1
Barwessa Ward,0.7245489763201041,35.67974664626822,6.39,22.9
Kabartonjo Ward,0.631046034729823,35.761744305852574,6.11,15.4
Saimoi/kipsaraman Ward,0.6832586051416465,35.81216892742117,6.12,16.7
Saimo/soi Ward,0.6818428071774633,35.93472121138925,6.25,22.9
Bartabwa Ward,0.871527357685175,35.79851237687323,6.16,18.6
Kabarnet Ward,0.5120201058809988,35.68559232752505,6.22,20.5
South C Ward,-1.3411946343543026,36.87642847204777,5.36,19.3
Tenges Ward,0.2858875339636753,35.756126079125856,6.16,20.4
Ewalel/chapchap Ward,0.4936847763209758,35.80491289060327,5.93,16.0
Kapropita Ward,0.4500559725027097,35.73185650125294,6.06,18.3
Marigat Ward,0.4355389751776641,35.89687459972052,6.29,22.7
Iichamus Ward,0.5216656349524743,36.04787071290492,6.56,25.6
Mochongoi Ward,0.3215035634339036,36.1642233525791,6.06,23.3
Nyayo Highrise Ward,-1.3150716927460144,36.80271935764549,5.27,19.2
Laini Saba Ward,-1.312045907706697,36.794313237282914,5.27,19.2
Mosiro Ward,-1.5039091740769093,36.16917258409074,6.14,21.0
Entonet/lenkism Ward,-2.58094677193499,37.20806114585044,5.91,22.4
Imbrikani/eselelnkei Ward,-2.4919281564598563,37.52439230383788,5.69,22.6
Kuku Ward,-2.83625366970094,37.741048121401,5.77,20.0
Rombo Ward,-3.062204180193601,37.73888686106761,5.74,19.6
Lindi Ward,-1.3153403197320803,36.792670533805456,5.27,19.2
Londiani Ward,-0.1340466937826052,35.5546934677465,5.84,16.6
Makina Ward,-1.3090312371151236,36.78440588734629,5.27,19.1
Sarang'ombe Ward,-1.312666251248385,36.77837279646772,5.27,19.0
Githurai Ward,-1.2022262715114616,36.908417970680006,5.41,19.3
Kahawa West,-1.1771851304523162,36.91541513790634,5.41,19.1
Kahawa,-1.191511679054455,36.90626177312905,5.4,19.1
Clay City,-1.2224437932097412,36.916374065678745,5.43,19.1
Njiru Ward,-1.2512638303097852,36.92885286081359,5.46,19.4
Ruai Ward,-1.2592614519923242,37.03613735367202,5.52,19.8
Babandogo,-1.2438611429193993,36.87958536235912,5.37,19.1
Utalii Ward,-1.2536864662724323,36.863679270282006,5.34,19.2
Kwa Njenga Ward,-1.3224686927903104,36.88904334319224,5.38,19.3
Dandora Area Iv Ward,-1.241907516379681,36.90618561164352,5.42,19.3
Kwa Reuben Ward,-1.3152004149778302,36.882040725995246,5.37,19.3
Umoja I Ward,-1.2795562974645829,36.8904778844988,5.38,19.2
Kware Ward,-1.316282108486682,36.8886299648292,5.38,19.3
Kariobangi North Ward,-1.255313045155675,36.88211794358866,5.36,19.2
Dandora Area I Ward,-1.2574956991249202,36.88946236430152,5.38,19.3
Dandora Area Ii Ward,-1.251170533946978,36.8982970629609,5.4,19.3
Dandora Area Iii Ward,-1.2451476729842268,36.910401425186905,5.42,19.3
Kayole North Ward,-1.2651671692292978,36.92171299306297,5.44,19.3
Kayole Central Ward,-1.2716487522005078,36.917427569658855,5.44,19.3
Umoja Ii Ward,-1.2860178375824685,36.89289870458105,5.39,19.3
Kayole South Ward,-1.2778353715629085,36.91398782875566,5.43,19.3
Makongeni Ward,-1.2970880757573815,36.85094253539769,5.31,19.3
Komarock Ward,-1.2692011777033714,36.90857905716015,5.42,19.3
Matopeni/spring Valley Ward,-1.2612622646721758,36.92839683020149,5.46,19.3
Eastleigh North Ward,-1.2730815167927922,36.84777852212403,5.3,19.1
Upper Savanna Ward,-1.285086223416577,36.91100423720521,5.42,19.3
Mowlem Ward,-1.2660960573213824,36.89692762504285,5.39,19.3
Kariobangi South Ward,-1.2649900414004522,36.8869241023197,5.37,19.3
Maringo/hamza Ward,-1.2921035871566793,36.86569173454416,5.33,19.3
Nabiswa Ward,0.9149234189191104,34.90554231600677,5.88,18.4
California Ward,-1.284284832775164,36.84934429165779,5.3,19.3
Pumwani Ward,-1.2881093167776454,36.84479720841647,5.3,19.3
Sinyerere Ward,1.1251897571910698,35.1307170595998,5.61,19.0
Airbase Ward,-1.27168130715808,36.86283123029216,5.33,19.2
Iftin Ward,-0.4476876284219648,39.6464231568717,5.66,28.4
Nairobi Central Ward,-1.28525582908818,36.824809592583215,5.28,19.3
Dertu Ward,0.0009489839921263,39.79437131255062,5.63,28.2
Dadaab Ward,0.0500315769646421,40.29636277560044,5.61,28.8
LABISGALE Ward,0.1563939429410392,40.23241897898323,5.68,28.8
Damajale Ward,-0.0029234163722276,40.69274980520662,5.5,28.6
Liboi Ward,0.2368201788391702,40.79854502715292,5.55,29.0
Abakaile Ward,0.1953096727414806,40.029066977490594,5.59,28.8
Terik Ward,0.014497240368693,34.81975705983927,5.93,20.8
Ngara Ward Ward,-1.273503864906821,36.82611558001076,5.28,19.2
Pangani Ward,-1.272082476022206,36.84034748139668,5.3,19.1
Ziwani/kariokor,-1.2817846898148413,36.837751036900414,5.29,19.2
Hospital Ward,-1.261603060562203,36.849190777199695,5.31,19.2
Mabatini Ward,-1.2625444155922552,36.86110241258525,5.33,19.2
Ngei Ward,-1.258035271838496,36.87149996848451,5.35,19.2
Mlango Kubwa,-1.2649058416668708,36.84825660521764,5.31,19.2
Kiamaiko Ward,-1.2568860172523706,36.87639516170176,5.36,19.2
Kitisuru Ward,-1.2484108500961306,36.75539553495824,5.3,18.6
Kanyenya-ini Ward,-0.698628399535749,36.88174342473226,5.07,14.3
Muguru Ward,-0.6876266543498908,37.01711147218305,5.38,16.8
Rwathia Ward,-0.6609127901490912,36.87913697089723,5.09,14.9
Gitugi Ward,-0.6556986053882364,37.0018926337738,5.37,16.6
Wagberi Ward,1.7725118251165322,40.08829628480294,5.51,28.3
Ngeria Ward,0.3930428814473509,35.26009514933566,6.03,17.8
Langas Ward,0.4766038456611873,35.25538879016264,6.14,17.9
Eldas Ward,2.4266151480318587,39.47561744839387,5.44,27.4
Racecourse Ward,0.4747011485380603,35.279054786425334,6.16,17.6
Cheptiret/kipchamo Ward,0.3817233832331199,35.364865320469704,6.09,16.5
Tulwet/chiyat Ward,0.259532239984486,35.340069542183834,5.94,16.6
Tarakwa Ward,0.1304855466854943,35.4371545419703,5.68,14.9
Bura Ward,-1.0888107351689449,40.285154983650514,5.34,28.3
Kapsasian Ward,-0.9964511710418974,35.152475577982976,6.02,18.9
Olposimoru Ward,-0.5914478443412302,35.758036873899954,5.35,14.8
Olokurto Ward,-0.6771066489027295,35.82945372847247,5.32,14.0
Narok Town Ward,-1.117751178270211,35.83204537845116,6.09,18.9
Nkareta Ward,-0.9421145132348916,35.82639539458396,5.68,17.6
Della Ward,2.4140557604313235,39.68718014993649,5.47,27.4
Dadaja bulla Ward,0.5784176371933847,40.84998848190673,5.64,29.3
Habasswein Ward,0.8041208111740716,39.75293504716261,5.68,28.3
Lagboghoi south Ward,1.1405272084215052,40.01994783354645,5.6,28.6
Uthiru Ward,-1.254105896692738,36.7140643194128,5.34,17.8
Karai,-1.2771089034750454,36.64773996099023,5.6,17.1
Nachu Ward,-1.2526149782768987,36.57752062784356,5.8,17.8
Sigona Ward,-1.1913577876704695,36.63718243961623,5.66,16.1
Kikuyu Ward,-1.2577203769808936,36.661954327380606,5.53,16.9
Kinoo,-1.2536288532348512,36.68970190746944,5.42,17.4
Bibirioni Ward,-1.0818130260748178,36.62368015520178,5.71,14.3
Limuru Central Ward,-1.1268170418485637,36.62759773224744,5.69,14.9
Ndeiya Ward,-1.1663644606761887,36.57467014840582,5.85,16.5
Limuru East Ward,-1.1062404505917705,36.68858306459947,5.42,15.1
Ngecha Tigoni Ward,-1.1571098899750591,36.685256844962645,5.43,16.4
Dekaharia Ward,-1.0427636789865633,40.81622952918451,5.45,27.8
Diif Ward,1.1490774595579167,40.879605925486,5.5,29.2
Biashara Ward,-1.155254095288066,36.94788873425092,5.44,19.0
Nkondi Ward,-0.0472199797653406,37.9627325906402,5.83,23.3
Chiakagira Ward,-0.2816069857877892,37.90038357179312,5.96,23.3
Marimanti Ward,-0.1608847756152517,37.94131338932561,5.89,23.8
Ruguru-Ngandori Ward,-0.4215891309478654,37.47289611635757,5.11,17.4
Kithimu Ward,-0.5125600176935968,37.53560590258691,5.37,19.2
Nginda Ward,-0.3163115147532571,37.42174647960095,4.5,14.1
Mbeti north Ward,-0.5370171041344236,37.48916997326876,5.37,19.6
Kirimari Ward,-0.5059676729872149,37.447944114088685,5.27,18.4
Gaturi south Ward,-0.4812718527972664,37.50417212984832,5.31,18.4
Gaturi north Ward,-0.4351542815002084,37.51246883658245,5.22,18.4
Kaagari South Ward,-0.4912087603520088,37.61310565678105,5.44,19.9
Central ward,-0.4352570181072523,37.572700237580605,5.3,18.6
Kaagari North Ward,-0.3914356620677683,37.52388157958308,5.18,17.2
Kahawa/sukari Ward,-1.1944451401358374,36.94690640397863,5.47,19.3
Kiuu Ward,-1.2090603205256718,36.93352104704994,5.46,19.4
Ngomeni Ward,-0.5857778831024477,38.54599483223234,5.65,25.3
Kyuso Ward,-0.5334492649878875,38.20357278645992,5.78,24.1
Mwiki Ward,-1.2126948411002512,36.9216154696587,5.44,19.3
Mwihoko Ward,-1.21651939548432,36.982913081959424,5.5,19.5
Githunguri Ward,-1.0661055065209089,36.78247803729027,5.24,16.9
Ndanai/abosi Ward,-0.8720314837557276,35.091451724560784,5.86,18.7
Chemagel Ward,-0.6959222329099392,35.134732942695365,5.76,19.4
Kipsonoi Ward,-0.7696062888144658,35.17327210032834,5.79,19.0
Kapletundo Ward,-0.6761912031817139,35.2093714507008,5.68,18.8
Rongena/manaret Ward,-0.7158806920390592,35.086197846794654,5.74,19.6
Kong'asis Ward,-0.8371652071589514,35.230426467639425,5.83,18.8
Nyangores Ward,-0.8302788369615535,35.31581805700882,5.78,18.9
Sigor Ward,-0.9409165718369624,35.297287323760386,5.96,19.1
Chebunyo Ward,-0.9706056564382746,35.207298934746355,6.0,19.3
Siongiroi Ward,-0.8903211282371093,35.20099304554119,5.9,18.9
Merigi Ward,-0.7657069507449983,35.40645651309695,5.62,17.9
Kembu Ward,-0.8030697471195913,35.43774600019246,5.65,17.6
Longisa Ward,-0.8539474196694441,35.40623462091117,5.74,18.8
Kipreres  Ward,-0.921575726463565,35.38077229221868,5.9,19.4
Chemaner Ward,-0.81070600972068,35.49302447099347,5.62,18.0
Silibwet Township Ward,-0.74960908125107,35.34751726722268,5.62,18.2
Ndaraweta Ward,-0.6802552833254115,35.37326143037188,5.47,18.1
Singorwet Ward,-0.7215425381783125,35.355852482958376,5.56,18.2
Chesoen Ward,-0.6935391691367165,35.28823809036621,5.59,18.6
Mutarakwa  Ward,-0.7735264594109825,35.25126115041028,5.74,18.4
Chepchabas Ward,-0.4710759273672452,35.283096850921524,5.49,18.7
Ijara Ward,-1.601579369218908,40.543643573161866,5.39,27.8
GUBA,3.896406527777079,40.52549037499594,5.38,24.4
MALKAMARI,4.098771429361847,40.69756971999195,5.52,24.1
Kipini west Ward,-2.553386006988139,40.258251402161214,5.76,26.8
Garsen central Ward,-2.3312362453692503,40.20233653944384,5.61,27.4
Garsen west Ward,-2.2815048899622536,39.45108110370989,5.34,27.4
MKUNUMBI,-2.142624251083872,40.53867819927695,5.38,27.3
BAHARI,-2.4112086924694487,40.72551769407232,5.82,26.9
DANDU,3.422339972325096,39.916674195796325,5.28,24.8
GITHER,3.716405678852928,39.91912377122728,5.34,24.7
KILIWAHERI,3.945803400958941,40.11201120231104,5.29,24.3
ELWAK NORTH,2.948210695387957,41.03708112127033,5.44,27.4
TURBI,2.4869973754284604,38.39595261072471,5.7,26.7
WITU,-2.2574202767326925,40.36024080300279,5.49,27.4
KARGI/SOUTH HORR,2.476953909470667,37.32016188247614,6.3,28.6
KORR/NGURUNIT,1.949302669125556,37.44504129247701,6.57,26.6
Garsen north Ward,-2.032892552265266,40.03169430902133,5.32,27.9
LOGOLOGO,1.9241712505524893,37.9410567617297,6.1,28.0
Galbet Ward,-0.396392181489679,39.68281166151648,5.65,28.1
Township Ward,1.7174214277089874,40.072843837441496,5.54,28.3
Barwaqo Ward,1.7580342989177171,40.03159199341256,5.54,28.3
Arbajahan Ward,2.089132314935671,39.32380062774556,5.55,27.9
ADEMASAJIDE Ward,1.214937453613366,39.5164156287929,5.84,28.0
Ganyure Wagalla Ward,1.5976226188552882,39.794512362913935,5.68,28.4
Lakoley south/basir Ward,1.8092085716157116,39.82535892776376,5.63,28.2
Ganga Ward,-0.2563682784940629,37.71408605641434,5.58,18.4
Chogoria Ward,-0.2226837375128676,37.53555079203929,4.92,14.6
Mariani Ward,-0.3475986237443018,37.747082621179445,5.6,20.4
Karingani Ward,-0.3214730923213525,37.65909852234691,5.4,17.9
Magumoni Ward,-0.3093316533748029,37.54027998588344,4.94,16.5
Mugwe Ward,-0.3646895051539335,37.67758498246095,5.47,18.7
Kyeni north Ward,-0.3887769325003998,37.57817998595333,5.26,17.9
Kyeni south Ward,-0.4467462407074232,37.64816673308352,5.45,19.3
Mwea Ward,-0.8017272024443919,37.37727567902165,5.65,21.3
Makima Ward,-0.8130391945797616,37.53733223382701,5.61,21.6
Mbeti south Ward,-0.6584095119163399,37.54537796470468,5.51,21.2
Mavuria Ward,-0.7353016608983334,37.68744446878266,5.54,22.3
Kiambere Ward,-0.719450985751768,37.82363585186462,5.54,23.7
Nthawa Ward,-0.569849029828898,37.62177610520994,5.53,20.9
Kisasi Ward,-1.5974002863361618,37.97195403967105,5.51,22.5
Mulango Ward,-1.4893160872750484,37.96638047880644,5.58,21.9
Kyangwithya east Ward,-1.3260363129501327,38.05864544300435,5.61,20.0
Chuluni Ward,-1.454204938624121,38.13302252348378,5.4,23.7
Mutomo Ward,-1.8321435034781863,38.18625383399762,5.54,22.9
Mutha Ward,-1.77562423941869,38.69056723489374,5.42,26.1
Kanziko Ward,-2.005321634362793,38.35530306076156,5.47,24.7
Nyakio Ward,-0.7810131601366533,36.62768367899008,5.5,12.9
Githabai Ward,-0.7465874319261002,36.57186331499358,5.57,13.5
Magumu Ward,-0.8534566128095805,36.57890465210677,5.62,12.3
Geta Ward,-0.4102894003505176,36.577708935202,4.95,12.0
Karau Ward,-0.3201652079043254,36.33836466274718,5.48,16.0
Mirangine Ward,-0.1927400790812249,36.23951032521799,5.54,14.3
Kaimbaga Ward,-0.3411444252891406,36.39881585199692,5.57,17.1
Gathanji Ward,-0.0425973589725573,36.30054087990706,5.65,15.1
Gatimu Ward,-0.0223493975680209,36.3782341602856,5.79,15.5
Weru Ward,-0.1283270501203494,36.38637762599086,5.66,16.2
Kiritta Ward,0.0024619171000322,36.44160531364619,5.88,15.7
Central Ward,-0.0709447530176676,36.54293772687242,5.78,16.0
Shamata Ward,-0.2190864121560167,36.55859261046568,5.46,10.3
Dedan kimathi Ward,-0.4279435578009845,36.83393033733403,5.3,14.3
Wamagana Ward,-0.4856853026343055,36.91877620114107,5.33,15.5
Aguthi-gaaki Ward,-0.4961927688516845,37.01867569339914,5.44,16.3
Mweiga Ward,-0.3420473422755435,36.92081901037954,5.6,16.4
Naromoru/kiamathaga Ward,-0.1636779662128882,37.10111837882812,5.77,16.6
Mwiyogo/endarasha Ward,-0.2924817090993431,36.87785390458253,5.82,16.1
Mugunda Ward,-0.1832707477681401,36.75406601966503,5.93,15.1
Gatarakwa Ward,-0.333748931365839,36.73716930759856,5.3,10.3
Thegu river Ward,-0.2851494777009534,37.04418971711144,5.69,16.9
Kabaru Ward,-0.2608132417249809,37.14568276474629,5.48,15.9
Gakawa Ward,-0.0842327994067824,37.09460340684669,5.81,17.3
Ruguru Ward,-0.29561515867004,37.186811054501895,5.17,14.5
Magutu Ward,-0.4118787738359241,37.14142056850798,5.26,16.3
Kakuma Ward,3.609562699335749,34.90189311667967,6.1,28.3
Kalobeyei Ward,3.842042976986925,34.47126821521491,5.86,26.4
Nanaam Ward,4.527362325066178,34.67017055033635,5.81,30.1
Lodwar Township Ward,3.201249707917359,35.64485115457373,6.45,29.8
Kanamkemer Ward,3.065892732019671,35.6684996336003,6.49,29.9
Kotaruk/Lobei Ward,2.6358529248101026,35.30801964680787,6.39,28.2
Loima Ward,3.0125561700212438,34.91745285527799,5.75,21.9
Katilu Ward,2.269608403787673,35.51331396255524,6.38,26.8
Katilia Ward,2.320612696554698,36.36552002422482,6.12,24.6
Lokori/kochodin Ward,1.9563757562235768,36.02121646508775,6.32,29.1
Alale Ward,2.3878713500570568,35.09256694161229,5.88,20.8
Chepareria Ward,1.4086563781480212,35.22728975196529,6.37,22.2
Batei Ward,1.386633715972728,35.34089657897463,6.36,21.5
Lelan Ward,1.2045655130875907,35.308166434733614,5.44,13.4
Tapach Ward,1.2969910469502168,35.41817362586128,5.76,8.5
Lodokejek Ward,0.8801769447160355,36.85649736855781,6.29,18.0
Bidii Ward,1.048204726672375,35.01564572721526,5.76,17.5
Tuwani Ward,1.0264235818720404,34.99047102602839,5.8,17.5
Saboti Ward,0.9498138033919734,34.807276678412684,5.67,17.1
Machewa Ward,0.891362283024985,34.824907148412045,5.77,18.0
Hospital Ward,1.015108000934123,35.03793731381452,5.75,17.9
Sikhendu Ward,0.8416998609666132,34.83789310083169,5.9,19.6
Sitatunga Ward,1.0620986804837842,35.097807298209524,5.66,18.2
Sengwer Ward,1.1087066776003034,35.27024655358812,5.22,15.8
Cherangany  Ward,0.9695897119561026,35.39211147948572,5.47,15.4
Moiben Kuserwo Ward,0.9287542824687386,35.496974648156964,6.07,14.3
Kapsowar Ward,0.9516851298634806,35.56174284747387,6.09,13.6
Arror Ward,0.9409716300928028,35.61395771300965,6.07,22.3
Kamariny Ward,0.6235320423819416,35.478460397490856,6.4,15.4
Emsoo Ward,0.7860162947734419,35.58983070476826,6.09,22.6
Tambach Ward,0.6417896577419616,35.56307913369928,6.24,23.1
Kapchemutwa Ward,0.7636958969132528,35.51513080886832,6.35,15.1
Kaptarakwa Ward,0.4526791402979966,35.516416913849795,6.32,13.8
Chepkorio Ward,0.3574587192502363,35.53308802034356,6.25,13.3
Metkei Ward,0.193005123247753,35.60861878532973,6.02,14.9
Songhor/Soba Ward,-0.0158796424877563,35.260982018384105,5.89,22.1
Tinderet Ward,-0.0403180311639537,35.365107289424735,5.66,19.2
Chemelil/chemase Ward,-0.0140572448491792,35.09644167413396,5.9,23.1
Kapsimotwo Ward,0.0507602064580202,35.157211205454765,5.66,18.3
Ol'lessos Ward,0.1806923311146903,35.30688734187641,5.76,17.6
Kapchorua Ward,0.0755141619329815,35.34753447878831,5.34,15.6
Kosirai Ward,0.2739048390938894,35.139616890636084,5.79,18.3
Kaptel/kamoiywo Ward,0.2997174371751848,35.05087840653084,5.78,18.6
Kiptuiya Ward,0.1886967778271114,35.015680147576056,5.73,19.1
Kapkangani Ward,0.197380365481781,34.9594524107208,5.79,20.1
Chepterwai Ward,0.5234750798654949,34.93396603259904,6.0,17.8
Kipkaren Ward,0.5072049872118256,35.02310650674,6.0,20.1
Kurgung/surungai Ward,0.442630990194336,34.975701203194944,5.93,18.5
Kabiyet Ward,0.4304696471326475,35.06700946916434,5.97,19.0
Kabisaga Ward,0.4277847414829518,35.126772149914856,6.0,18.9
Githiga Ward,0.4295226325977059,36.30043418200746,5.93,18.6
Kapkatet Ward,-0.6237335599136201,35.19098135562609,5.67,18.9
Cheptororiet/seretut Ward,-0.4216183905179163,35.19532138731291,5.68,20.1
